timestamp,sensor_id,valor
2025-09-01 00:00:00,sensor_temp,20.17
2025-09-01 00:00:00,sensor_lux,0.0
2025-09-01 00:00:00,sensor_ocupacao,0.0
2025-09-01 00:15:00,sensor_temp,22.28
2025-09-01 00:15:00,sensor_lux,0.0
2025-09-01 00:15:00,sensor_ocupacao,0.0
2025-09-01 00:30:00,sensor_temp,19.23
2025-09-01 00:30:00,sensor_lux,0.0
2025-09-01 00:30:00,sensor_ocupacao,0.0
2025-09-01 00:45:00,sensor_temp,21.51
2025-09-01 00:45:00,sensor_lux,0.0
2025-09-01 00:45:00,sensor_ocupacao,0.0
2025-09-01 01:00:00,sensor_temp,19.33
2025-09-01 01:00:00,sensor_lux,0.0
2025-09-01 01:00:00,sensor_ocupacao,0.0
2025-09-01 01:15:00,sensor_temp,19.07
2025-09-01 01:15:00,sensor_lux,0.0
2025-09-01 01:15:00,sensor_ocupacao,0.0
2025-09-01 01:30:00,sensor_temp,19.29
2025-09-01 01:30:00,sensor_lux,0.0
2025-09-01 01:30:00,sensor_ocupacao,1.0
2025-09-01 01:45:00,sensor_temp,20.17
2025-09-01 01:45:00,sensor_lux,0.0
2025-09-01 01:45:00,sensor_ocupacao,1.0
2025-09-01 02:00:00,sensor_temp,18.82
2025-09-01 02:00:00,sensor_lux,0.0
2025-09-01 02:00:00,sensor_ocupacao,1.0
2025-09-01 02:15:00,sensor_temp,20.58
2025-09-01 02:15:00,sensor_lux,0.0
2025-09-01 02:15:00,sensor_ocupacao,0.0
2025-09-01 02:30:00,sensor_temp,17.77
2025-09-01 02:30:00,sensor_lux,0.0
2025-09-01 02:30:00,sensor_ocupacao,0.0
2025-09-01 02:45:00,sensor_temp,21.26
2025-09-01 02:45:00,sensor_lux,0.0
2025-09-01 02:45:00,sensor_ocupacao,0.0
2025-09-01 03:00:00,sensor_temp,19.09
2025-09-01 03:00:00,sensor_lux,0.0
2025-09-01 03:00:00,sensor_ocupacao,0.0
2025-09-01 03:15:00,sensor_temp,18.26
2025-09-01 03:15:00,sensor_lux,0.0
2025-09-01 03:15:00,sensor_ocupacao,0.0
2025-09-01 03:30:00,sensor_temp,18.31
2025-09-01 03:30:00,sensor_lux,0.0
2025-09-01 03:30:00,sensor_ocupacao,1.0
2025-09-01 03:45:00,sensor_temp,20.17
2025-09-01 03:45:00,sensor_lux,0.0
2025-09-01 03:45:00,sensor_ocupacao,0.0
2025-09-01 04:00:00,sensor_temp,18.54
2025-09-01 04:00:00,sensor_lux,0.0
2025-09-01 04:00:00,sensor_ocupacao,0.0
2025-09-01 04:15:00,sensor_temp,19.39
2025-09-01 04:15:00,sensor_lux,0.0
2025-09-01 04:15:00,sensor_ocupacao,0.0
2025-09-01 04:30:00,sensor_temp,20.47
2025-09-01 04:30:00,sensor_lux,0.0
2025-09-01 04:30:00,sensor_ocupacao,0.0
2025-09-01 04:45:00,sensor_temp,19.62
2025-09-01 04:45:00,sensor_lux,0.0
2025-09-01 04:45:00,sensor_ocupacao,0.0
2025-09-01 05:00:00,sensor_temp,20.64
2025-09-01 05:00:00,sensor_lux,0.0
2025-09-01 05:00:00,sensor_ocupacao,0.0
2025-09-01 05:15:00,sensor_temp,19.51
2025-09-01 05:15:00,sensor_lux,0.0
2025-09-01 05:15:00,sensor_ocupacao,0.0
2025-09-01 05:30:00,sensor_temp,18.6
2025-09-01 05:30:00,sensor_lux,0.0
2025-09-01 05:30:00,sensor_ocupacao,0.0
2025-09-01 05:45:00,sensor_temp,19.18
2025-09-01 05:45:00,sensor_lux,0.0
2025-09-01 05:45:00,sensor_ocupacao,0.0
2025-09-01 06:00:00,sensor_temp,21.49
2025-09-01 06:00:00,sensor_lux,300.21
2025-09-01 06:00:00,sensor_ocupacao,0.0
2025-09-01 06:15:00,sensor_temp,22.82
2025-09-01 06:15:00,sensor_lux,220.59
2025-09-01 06:15:00,sensor_ocupacao,0.0
2025-09-01 06:30:00,sensor_temp,24.04
2025-09-01 06:30:00,sensor_lux,349.43
2025-09-01 06:30:00,sensor_ocupacao,1.0
2025-09-01 06:45:00,sensor_temp,22.98
2025-09-01 06:45:00,sensor_lux,291.8
2025-09-01 06:45:00,sensor_ocupacao,0.0
2025-09-01 07:00:00,sensor_temp,24.75
2025-09-01 07:00:00,sensor_lux,279.75
2025-09-01 07:00:00,sensor_ocupacao,0.0
2025-09-01 07:15:00,sensor_temp,21.8
2025-09-01 07:15:00,sensor_lux,241.88
2025-09-01 07:15:00,sensor_ocupacao,0.0
2025-09-01 07:30:00,sensor_temp,24.25
2025-09-01 07:30:00,sensor_lux,350.22
2025-09-01 07:30:00,sensor_ocupacao,0.0
2025-09-01 07:45:00,sensor_temp,22.82
2025-09-01 07:45:00,sensor_lux,320.49
2025-09-01 07:45:00,sensor_ocupacao,0.0
2025-09-01 08:00:00,sensor_temp,21.86
2025-09-01 08:00:00,sensor_lux,280.38
2025-09-01 08:00:00,sensor_ocupacao,1.0
2025-09-01 08:15:00,sensor_temp,21.26
2025-09-01 08:15:00,sensor_lux,250.07
2025-09-01 08:15:00,sensor_ocupacao,1.0
2025-09-01 08:30:00,sensor_temp,24.01
2025-09-01 08:30:00,sensor_lux,137.13
2025-09-01 08:30:00,sensor_ocupacao,0.0
2025-09-01 08:45:00,sensor_temp,22.72
2025-09-01 08:45:00,sensor_lux,312.61
2025-09-01 08:45:00,sensor_ocupacao,1.0
2025-09-01 09:00:00,sensor_temp,24.17
2025-09-01 09:00:00,sensor_lux,183.46
2025-09-01 09:00:00,sensor_ocupacao,1.0
2025-09-01 09:15:00,sensor_temp,24.53
2025-09-01 09:15:00,sensor_lux,235.23
2025-09-01 09:15:00,sensor_ocupacao,1.0
2025-09-01 09:30:00,sensor_temp,20.78
2025-09-01 09:30:00,sensor_lux,269.77
2025-09-01 09:30:00,sensor_ocupacao,1.0
2025-09-01 09:45:00,sensor_temp,21.41
2025-09-01 09:45:00,sensor_lux,331.57
2025-09-01 09:45:00,sensor_ocupacao,1.0
2025-09-01 10:00:00,sensor_temp,21.77
2025-09-01 10:00:00,sensor_lux,252.91
2025-09-01 10:00:00,sensor_ocupacao,0.0
2025-09-01 10:15:00,sensor_temp,23.15
2025-09-01 10:15:00,sensor_lux,262.85
2025-09-01 10:15:00,sensor_ocupacao,1.0
2025-09-01 10:30:00,sensor_temp,21.78
2025-09-01 10:30:00,sensor_lux,274.17
2025-09-01 10:30:00,sensor_ocupacao,1.0
2025-09-01 10:45:00,sensor_temp,20.85
2025-09-01 10:45:00,sensor_lux,301.17
2025-09-01 10:45:00,sensor_ocupacao,1.0
2025-09-01 11:00:00,sensor_temp,23.43
2025-09-01 11:00:00,sensor_lux,294.09
2025-09-01 11:00:00,sensor_ocupacao,0.0
2025-09-01 11:15:00,sensor_temp,23.2
2025-09-01 11:15:00,sensor_lux,286.89
2025-09-01 11:15:00,sensor_ocupacao,1.0
2025-09-01 11:30:00,sensor_temp,25.54
2025-09-01 11:30:00,sensor_lux,248.81
2025-09-01 11:30:00,sensor_ocupacao,1.0
2025-09-01 11:45:00,sensor_temp,22.57
2025-09-01 11:45:00,sensor_lux,331.07
2025-09-01 11:45:00,sensor_ocupacao,1.0
2025-09-01 12:00:00,sensor_temp,24.31
2025-09-01 12:00:00,sensor_lux,290.76
2025-09-01 12:00:00,sensor_ocupacao,0.0
2025-09-01 12:15:00,sensor_temp,23.18
2025-09-01 12:15:00,sensor_lux,292.32
2025-09-01 12:15:00,sensor_ocupacao,1.0
2025-09-01 12:30:00,sensor_temp,21.95
2025-09-01 12:30:00,sensor_lux,347.63
2025-09-01 12:30:00,sensor_ocupacao,1.0
2025-09-01 12:45:00,sensor_temp,24.33
2025-09-01 12:45:00,sensor_lux,333.81
2025-09-01 12:45:00,sensor_ocupacao,0.0
2025-09-01 13:00:00,sensor_temp,22.46
2025-09-01 13:00:00,sensor_lux,449.02
2025-09-01 13:00:00,sensor_ocupacao,0.0
2025-09-01 13:15:00,sensor_temp,23.56
2025-09-01 13:15:00,sensor_lux,294.64
2025-09-01 13:15:00,sensor_ocupacao,0.0
2025-09-01 13:30:00,sensor_temp,22.45
2025-09-01 13:30:00,sensor_lux,323.52
2025-09-01 13:30:00,sensor_ocupacao,1.0
2025-09-01 13:45:00,sensor_temp,21.68
2025-09-01 13:45:00,sensor_lux,203.26
2025-09-01 13:45:00,sensor_ocupacao,1.0
2025-09-01 14:00:00,sensor_temp,20.62
2025-09-01 14:00:00,sensor_lux,269.51
2025-09-01 14:00:00,sensor_ocupacao,1.0
2025-09-01 14:15:00,sensor_temp,24.25
2025-09-01 14:15:00,sensor_lux,381.89
2025-09-01 14:15:00,sensor_ocupacao,0.0
2025-09-01 14:30:00,sensor_temp,22.68
2025-09-01 14:30:00,sensor_lux,404.62
2025-09-01 14:30:00,sensor_ocupacao,1.0
2025-09-01 14:45:00,sensor_temp,23.73
2025-09-01 14:45:00,sensor_lux,304.7
2025-09-01 14:45:00,sensor_ocupacao,0.0
2025-09-01 15:00:00,sensor_temp,23.43
2025-09-01 15:00:00,sensor_lux,241.85
2025-09-01 15:00:00,sensor_ocupacao,1.0
2025-09-01 15:15:00,sensor_temp,25.69
2025-09-01 15:15:00,sensor_lux,338.06
2025-09-01 15:15:00,sensor_ocupacao,1.0
2025-09-01 15:30:00,sensor_temp,25.43
2025-09-01 15:30:00,sensor_lux,341.17
2025-09-01 15:30:00,sensor_ocupacao,0.0
2025-09-01 15:45:00,sensor_temp,22.28
2025-09-01 15:45:00,sensor_lux,294.65
2025-09-01 15:45:00,sensor_ocupacao,1.0
2025-09-01 16:00:00,sensor_temp,22.3
2025-09-01 16:00:00,sensor_lux,319.1
2025-09-01 16:00:00,sensor_ocupacao,1.0
2025-09-01 16:15:00,sensor_temp,24.1
2025-09-01 16:15:00,sensor_lux,370.18
2025-09-01 16:15:00,sensor_ocupacao,0.0
2025-09-01 16:30:00,sensor_temp,24.28
2025-09-01 16:30:00,sensor_lux,348.96
2025-09-01 16:30:00,sensor_ocupacao,1.0
2025-09-01 16:45:00,sensor_temp,23.77
2025-09-01 16:45:00,sensor_lux,339.02
2025-09-01 16:45:00,sensor_ocupacao,1.0
2025-09-01 17:00:00,sensor_temp,25.03
2025-09-01 17:00:00,sensor_lux,301.32
2025-09-01 17:00:00,sensor_ocupacao,0.0
2025-09-01 17:15:00,sensor_temp,24.23
2025-09-01 17:15:00,sensor_lux,250.13
2025-09-01 17:15:00,sensor_ocupacao,1.0
2025-09-01 17:30:00,sensor_temp,24.65
2025-09-01 17:30:00,sensor_lux,312.57
2025-09-01 17:30:00,sensor_ocupacao,1.0
2025-09-01 17:45:00,sensor_temp,22.87
2025-09-01 17:45:00,sensor_lux,185.55
2025-09-01 17:45:00,sensor_ocupacao,0.0
2025-09-01 18:00:00,sensor_temp,23.58
2025-09-01 18:00:00,sensor_lux,333.62
2025-09-01 18:00:00,sensor_ocupacao,1.0
2025-09-01 18:15:00,sensor_temp,20.65
2025-09-01 18:15:00,sensor_lux,250.97
2025-09-01 18:15:00,sensor_ocupacao,1.0
2025-09-01 18:30:00,sensor_temp,22.76
2025-09-01 18:30:00,sensor_lux,295.65
2025-09-01 18:30:00,sensor_ocupacao,1.0
2025-09-01 18:45:00,sensor_temp,22.98
2025-09-01 18:45:00,sensor_lux,237.54
2025-09-01 18:45:00,sensor_ocupacao,1.0
2025-09-01 19:00:00,sensor_temp,20.36
2025-09-01 19:00:00,sensor_lux,0.0
2025-09-01 19:00:00,sensor_ocupacao,0.0
2025-09-01 19:15:00,sensor_temp,21.37
2025-09-01 19:15:00,sensor_lux,0.0
2025-09-01 19:15:00,sensor_ocupacao,0.0
2025-09-01 19:30:00,sensor_temp,19.9
2025-09-01 19:30:00,sensor_lux,0.0
2025-09-01 19:30:00,sensor_ocupacao,0.0
2025-09-01 19:45:00,sensor_temp,20.29
2025-09-01 19:45:00,sensor_lux,0.0
2025-09-01 19:45:00,sensor_ocupacao,0.0
2025-09-01 20:00:00,sensor_temp,19.45
2025-09-01 20:00:00,sensor_lux,0.0
2025-09-01 20:00:00,sensor_ocupacao,0.0
2025-09-01 20:15:00,sensor_temp,19.5
2025-09-01 20:15:00,sensor_lux,0.0
2025-09-01 20:15:00,sensor_ocupacao,0.0
2025-09-01 20:30:00,sensor_temp,20.8
2025-09-01 20:30:00,sensor_lux,0.0
2025-09-01 20:30:00,sensor_ocupacao,0.0
2025-09-01 20:45:00,sensor_temp,19.86
2025-09-01 20:45:00,sensor_lux,0.0
2025-09-01 20:45:00,sensor_ocupacao,0.0
2025-09-01 21:00:00,sensor_temp,19.87
2025-09-01 21:00:00,sensor_lux,0.0
2025-09-01 21:00:00,sensor_ocupacao,0.0
2025-09-01 21:15:00,sensor_temp,21.36
2025-09-01 21:15:00,sensor_lux,0.0
2025-09-01 21:15:00,sensor_ocupacao,0.0
2025-09-01 21:30:00,sensor_temp,19.6
2025-09-01 21:30:00,sensor_lux,0.0
2025-09-01 21:30:00,sensor_ocupacao,0.0
2025-09-01 21:45:00,sensor_temp,21.09
2025-09-01 21:45:00,sensor_lux,0.0
2025-09-01 21:45:00,sensor_ocupacao,0.0
2025-09-01 22:00:00,sensor_temp,21.58
2025-09-01 22:00:00,sensor_lux,0.0
2025-09-01 22:00:00,sensor_ocupacao,0.0
2025-09-01 22:15:00,sensor_temp,22.23
2025-09-01 22:15:00,sensor_lux,0.0
2025-09-01 22:15:00,sensor_ocupacao,0.0
2025-09-01 22:30:00,sensor_temp,20.07
2025-09-01 22:30:00,sensor_lux,0.0
2025-09-01 22:30:00,sensor_ocupacao,0.0
2025-09-01 22:45:00,sensor_temp,21.33
2025-09-01 22:45:00,sensor_lux,0.0
2025-09-01 22:45:00,sensor_ocupacao,0.0
2025-09-01 23:00:00,sensor_temp,19.31
2025-09-01 23:00:00,sensor_lux,0.0
2025-09-01 23:00:00,sensor_ocupacao,0.0
2025-09-01 23:15:00,sensor_temp,22.69
2025-09-01 23:15:00,sensor_lux,0.0
2025-09-01 23:15:00,sensor_ocupacao,0.0
2025-09-01 23:30:00,sensor_temp,18.97
2025-09-01 23:30:00,sensor_lux,0.0
2025-09-01 23:30:00,sensor_ocupacao,0.0
2025-09-01 23:45:00,sensor_temp,19.43
2025-09-01 23:45:00,sensor_lux,0.0
2025-09-01 23:45:00,sensor_ocupacao,0.0
2025-09-02 00:00:00,sensor_temp,19.27
2025-09-02 00:00:00,sensor_lux,0.0
2025-09-02 00:00:00,sensor_ocupacao,1.0
2025-09-02 00:15:00,sensor_temp,20.9
2025-09-02 00:15:00,sensor_lux,0.0
2025-09-02 00:15:00,sensor_ocupacao,0.0
2025-09-02 00:30:00,sensor_temp,20.69
2025-09-02 00:30:00,sensor_lux,0.0
2025-09-02 00:30:00,sensor_ocupacao,0.0
2025-09-02 00:45:00,sensor_temp,21.7
2025-09-02 00:45:00,sensor_lux,0.0
2025-09-02 00:45:00,sensor_ocupacao,0.0
2025-09-02 01:00:00,sensor_temp,19.19
2025-09-02 01:00:00,sensor_lux,0.0
2025-09-02 01:00:00,sensor_ocupacao,0.0
2025-09-02 01:15:00,sensor_temp,20.74
2025-09-02 01:15:00,sensor_lux,0.0
2025-09-02 01:15:00,sensor_ocupacao,0.0
2025-09-02 01:30:00,sensor_temp,20.13
2025-09-02 01:30:00,sensor_lux,0.0
2025-09-02 01:30:00,sensor_ocupacao,0.0
2025-09-02 01:45:00,sensor_temp,19.92
2025-09-02 01:45:00,sensor_lux,0.0
2025-09-02 01:45:00,sensor_ocupacao,0.0
2025-09-02 02:00:00,sensor_temp,19.08
2025-09-02 02:00:00,sensor_lux,0.0
2025-09-02 02:00:00,sensor_ocupacao,0.0
2025-09-02 02:15:00,sensor_temp,19.97
2025-09-02 02:15:00,sensor_lux,0.0
2025-09-02 02:15:00,sensor_ocupacao,0.0
2025-09-02 02:30:00,sensor_temp,18.65
2025-09-02 02:30:00,sensor_lux,0.0
2025-09-02 02:30:00,sensor_ocupacao,0.0
2025-09-02 02:45:00,sensor_temp,19.33
2025-09-02 02:45:00,sensor_lux,0.0
2025-09-02 02:45:00,sensor_ocupacao,1.0
2025-09-02 03:00:00,sensor_temp,20.13
2025-09-02 03:00:00,sensor_lux,0.0
2025-09-02 03:00:00,sensor_ocupacao,0.0
2025-09-02 03:15:00,sensor_temp,22.18
2025-09-02 03:15:00,sensor_lux,0.0
2025-09-02 03:15:00,sensor_ocupacao,0.0
2025-09-02 03:30:00,sensor_temp,20.04
2025-09-02 03:30:00,sensor_lux,0.0
2025-09-02 03:30:00,sensor_ocupacao,0.0
2025-09-02 03:45:00,sensor_temp,20.41
2025-09-02 03:45:00,sensor_lux,0.0
2025-09-02 03:45:00,sensor_ocupacao,1.0
2025-09-02 04:00:00,sensor_temp,21.12
2025-09-02 04:00:00,sensor_lux,0.0
2025-09-02 04:00:00,sensor_ocupacao,0.0
2025-09-02 04:15:00,sensor_temp,22.67
2025-09-02 04:15:00,sensor_lux,0.0
2025-09-02 04:15:00,sensor_ocupacao,1.0
2025-09-02 04:30:00,sensor_temp,19.65
2025-09-02 04:30:00,sensor_lux,0.0
2025-09-02 04:30:00,sensor_ocupacao,0.0
2025-09-02 04:45:00,sensor_temp,17.62
2025-09-02 04:45:00,sensor_lux,0.0
2025-09-02 04:45:00,sensor_ocupacao,0.0
2025-09-02 05:00:00,sensor_temp,19.88
2025-09-02 05:00:00,sensor_lux,0.0
2025-09-02 05:00:00,sensor_ocupacao,0.0
2025-09-02 05:15:00,sensor_temp,18.31
2025-09-02 05:15:00,sensor_lux,0.0
2025-09-02 05:15:00,sensor_ocupacao,1.0
2025-09-02 05:30:00,sensor_temp,20.16
2025-09-02 05:30:00,sensor_lux,0.0
2025-09-02 05:30:00,sensor_ocupacao,0.0
2025-09-02 05:45:00,sensor_temp,19.11
2025-09-02 05:45:00,sensor_lux,0.0
2025-09-02 05:45:00,sensor_ocupacao,0.0
2025-09-02 06:00:00,sensor_temp,23.39
2025-09-02 06:00:00,sensor_lux,275.78
2025-09-02 06:00:00,sensor_ocupacao,0.0
2025-09-02 06:15:00,sensor_temp,24.31
2025-09-02 06:15:00,sensor_lux,292.76
2025-09-02 06:15:00,sensor_ocupacao,0.0
2025-09-02 06:30:00,sensor_temp,22.23
2025-09-02 06:30:00,sensor_lux,341.41
2025-09-02 06:30:00,sensor_ocupacao,0.0
2025-09-02 06:45:00,sensor_temp,23.31
2025-09-02 06:45:00,sensor_lux,315.47
2025-09-02 06:45:00,sensor_ocupacao,0.0
2025-09-02 07:00:00,sensor_temp,21.05
2025-09-02 07:00:00,sensor_lux,283.81
2025-09-02 07:00:00,sensor_ocupacao,0.0
2025-09-02 07:15:00,sensor_temp,25.71
2025-09-02 07:15:00,sensor_lux,221.82
2025-09-02 07:15:00,sensor_ocupacao,0.0
2025-09-02 07:30:00,sensor_temp,24.69
2025-09-02 07:30:00,sensor_lux,293.97
2025-09-02 07:30:00,sensor_ocupacao,1.0
2025-09-02 07:45:00,sensor_temp,21.89
2025-09-02 07:45:00,sensor_lux,314.51
2025-09-02 07:45:00,sensor_ocupacao,0.0
2025-09-02 08:00:00,sensor_temp,21.98
2025-09-02 08:00:00,sensor_lux,204.47
2025-09-02 08:00:00,sensor_ocupacao,0.0
2025-09-02 08:15:00,sensor_temp,22.54
2025-09-02 08:15:00,sensor_lux,275.17
2025-09-02 08:15:00,sensor_ocupacao,1.0
2025-09-02 08:30:00,sensor_temp,24.09
2025-09-02 08:30:00,sensor_lux,297.71
2025-09-02 08:30:00,sensor_ocupacao,0.0
2025-09-02 08:45:00,sensor_temp,21.98
2025-09-02 08:45:00,sensor_lux,209.12
2025-09-02 08:45:00,sensor_ocupacao,1.0
2025-09-02 09:00:00,sensor_temp,24.93
2025-09-02 09:00:00,sensor_lux,219.62
2025-09-02 09:00:00,sensor_ocupacao,1.0
2025-09-02 09:15:00,sensor_temp,24.34
2025-09-02 09:15:00,sensor_lux,321.3
2025-09-02 09:15:00,sensor_ocupacao,1.0
2025-09-02 09:30:00,sensor_temp,22.42
2025-09-02 09:30:00,sensor_lux,364.71
2025-09-02 09:30:00,sensor_ocupacao,1.0
2025-09-02 09:45:00,sensor_temp,24.26
2025-09-02 09:45:00,sensor_lux,356.94
2025-09-02 09:45:00,sensor_ocupacao,1.0
2025-09-02 10:00:00,sensor_temp,21.63
2025-09-02 10:00:00,sensor_lux,278.62
2025-09-02 10:00:00,sensor_ocupacao,1.0
2025-09-02 10:15:00,sensor_temp,23.92
2025-09-02 10:15:00,sensor_lux,340.67
2025-09-02 10:15:00,sensor_ocupacao,0.0
2025-09-02 10:30:00,sensor_temp,22.96
2025-09-02 10:30:00,sensor_lux,284.43
2025-09-02 10:30:00,sensor_ocupacao,0.0
2025-09-02 10:45:00,sensor_temp,21.87
2025-09-02 10:45:00,sensor_lux,248.12
2025-09-02 10:45:00,sensor_ocupacao,1.0
2025-09-02 11:00:00,sensor_temp,22.68
2025-09-02 11:00:00,sensor_lux,307.57
2025-09-02 11:00:00,sensor_ocupacao,1.0
2025-09-02 11:15:00,sensor_temp,23.56
2025-09-02 11:15:00,sensor_lux,227.54
2025-09-02 11:15:00,sensor_ocupacao,0.0
2025-09-02 11:30:00,sensor_temp,22.29
2025-09-02 11:30:00,sensor_lux,240.21
2025-09-02 11:30:00,sensor_ocupacao,0.0
2025-09-02 11:45:00,sensor_temp,22.07
2025-09-02 11:45:00,sensor_lux,342.26
2025-09-02 11:45:00,sensor_ocupacao,1.0
2025-09-02 12:00:00,sensor_temp,23.62
2025-09-02 12:00:00,sensor_lux,358.2
2025-09-02 12:00:00,sensor_ocupacao,0.0
2025-09-02 12:15:00,sensor_temp,25.9
2025-09-02 12:15:00,sensor_lux,330.95
2025-09-02 12:15:00,sensor_ocupacao,1.0
2025-09-02 12:30:00,sensor_temp,24.09
2025-09-02 12:30:00,sensor_lux,307.25
2025-09-02 12:30:00,sensor_ocupacao,1.0
2025-09-02 12:45:00,sensor_temp,26.07
2025-09-02 12:45:00,sensor_lux,365.22
2025-09-02 12:45:00,sensor_ocupacao,1.0
2025-09-02 13:00:00,sensor_temp,22.89
2025-09-02 13:00:00,sensor_lux,228.81
2025-09-02 13:00:00,sensor_ocupacao,1.0
2025-09-02 13:15:00,sensor_temp,24.12
2025-09-02 13:15:00,sensor_lux,312.61
2025-09-02 13:15:00,sensor_ocupacao,0.0
2025-09-02 13:30:00,sensor_temp,23.93
2025-09-02 13:30:00,sensor_lux,272.79
2025-09-02 13:30:00,sensor_ocupacao,1.0
2025-09-02 13:45:00,sensor_temp,21.55
2025-09-02 13:45:00,sensor_lux,255.18
2025-09-02 13:45:00,sensor_ocupacao,0.0
2025-09-02 14:00:00,sensor_temp,23.83
2025-09-02 14:00:00,sensor_lux,249.23
2025-09-02 14:00:00,sensor_ocupacao,1.0
2025-09-02 14:15:00,sensor_temp,25.56
2025-09-02 14:15:00,sensor_lux,399.82
2025-09-02 14:15:00,sensor_ocupacao,1.0
2025-09-02 14:30:00,sensor_temp,24.03
2025-09-02 14:30:00,sensor_lux,212.62
2025-09-02 14:30:00,sensor_ocupacao,1.0
2025-09-02 14:45:00,sensor_temp,22.36
2025-09-02 14:45:00,sensor_lux,351.64
2025-09-02 14:45:00,sensor_ocupacao,1.0
2025-09-02 15:00:00,sensor_temp,24.94
2025-09-02 15:00:00,sensor_lux,349.73
2025-09-02 15:00:00,sensor_ocupacao,0.0
2025-09-02 15:15:00,sensor_temp,21.98
2025-09-02 15:15:00,sensor_lux,223.09
2025-09-02 15:15:00,sensor_ocupacao,1.0
2025-09-02 15:30:00,sensor_temp,23.73
2025-09-02 15:30:00,sensor_lux,301.79
2025-09-02 15:30:00,sensor_ocupacao,1.0
2025-09-02 15:45:00,sensor_temp,23.61
2025-09-02 15:45:00,sensor_lux,285.76
2025-09-02 15:45:00,sensor_ocupacao,1.0
2025-09-02 16:00:00,sensor_temp,22.66
2025-09-02 16:00:00,sensor_lux,323.69
2025-09-02 16:00:00,sensor_ocupacao,1.0
2025-09-02 16:15:00,sensor_temp,27.04
2025-09-02 16:15:00,sensor_lux,340.4
2025-09-02 16:15:00,sensor_ocupacao,1.0
2025-09-02 16:30:00,sensor_temp,23.11
2025-09-02 16:30:00,sensor_lux,315.5
2025-09-02 16:30:00,sensor_ocupacao,1.0
2025-09-02 16:45:00,sensor_temp,25.97
2025-09-02 16:45:00,sensor_lux,344.68
2025-09-02 16:45:00,sensor_ocupacao,1.0
2025-09-02 17:00:00,sensor_temp,21.59
2025-09-02 17:00:00,sensor_lux,287.53
2025-09-02 17:00:00,sensor_ocupacao,0.0
2025-09-02 17:15:00,sensor_temp,26.07
2025-09-02 17:15:00,sensor_lux,276.86
2025-09-02 17:15:00,sensor_ocupacao,0.0
2025-09-02 17:30:00,sensor_temp,23.16
2025-09-02 17:30:00,sensor_lux,145.6
2025-09-02 17:30:00,sensor_ocupacao,0.0
2025-09-02 17:45:00,sensor_temp,21.99
2025-09-02 17:45:00,sensor_lux,301.27
2025-09-02 17:45:00,sensor_ocupacao,1.0
2025-09-02 18:00:00,sensor_temp,23.41
2025-09-02 18:00:00,sensor_lux,314.75
2025-09-02 18:00:00,sensor_ocupacao,1.0
2025-09-02 18:15:00,sensor_temp,19.36
2025-09-02 18:15:00,sensor_lux,243.2
2025-09-02 18:15:00,sensor_ocupacao,1.0
2025-09-02 18:30:00,sensor_temp,22.67
2025-09-02 18:30:00,sensor_lux,222.54
2025-09-02 18:30:00,sensor_ocupacao,1.0
2025-09-02 18:45:00,sensor_temp,24.07
2025-09-02 18:45:00,sensor_lux,236.61
2025-09-02 18:45:00,sensor_ocupacao,1.0
2025-09-02 19:00:00,sensor_temp,20.69
2025-09-02 19:00:00,sensor_lux,0.0
2025-09-02 19:00:00,sensor_ocupacao,0.0
2025-09-02 19:15:00,sensor_temp,18.68
2025-09-02 19:15:00,sensor_lux,0.0
2025-09-02 19:15:00,sensor_ocupacao,0.0
2025-09-02 19:30:00,sensor_temp,19.71
2025-09-02 19:30:00,sensor_lux,0.0
2025-09-02 19:30:00,sensor_ocupacao,1.0
2025-09-02 19:45:00,sensor_temp,19.8
2025-09-02 19:45:00,sensor_lux,0.0
2025-09-02 19:45:00,sensor_ocupacao,0.0
2025-09-02 20:00:00,sensor_temp,22.02
2025-09-02 20:00:00,sensor_lux,0.0
2025-09-02 20:00:00,sensor_ocupacao,0.0
2025-09-02 20:15:00,sensor_temp,20.51
2025-09-02 20:15:00,sensor_lux,0.0
2025-09-02 20:15:00,sensor_ocupacao,0.0
2025-09-02 20:30:00,sensor_temp,22.42
2025-09-02 20:30:00,sensor_lux,0.0
2025-09-02 20:30:00,sensor_ocupacao,0.0
2025-09-02 20:45:00,sensor_temp,18.89
2025-09-02 20:45:00,sensor_lux,0.0
2025-09-02 20:45:00,sensor_ocupacao,1.0
2025-09-02 21:00:00,sensor_temp,20.77
2025-09-02 21:00:00,sensor_lux,0.0
2025-09-02 21:00:00,sensor_ocupacao,1.0
2025-09-02 21:15:00,sensor_temp,20.74
2025-09-02 21:15:00,sensor_lux,0.0
2025-09-02 21:15:00,sensor_ocupacao,0.0
2025-09-02 21:30:00,sensor_temp,19.62
2025-09-02 21:30:00,sensor_lux,0.0
2025-09-02 21:30:00,sensor_ocupacao,0.0
2025-09-02 21:45:00,sensor_temp,19.96
2025-09-02 21:45:00,sensor_lux,0.0
2025-09-02 21:45:00,sensor_ocupacao,0.0
2025-09-02 22:00:00,sensor_temp,20.44
2025-09-02 22:00:00,sensor_lux,0.0
2025-09-02 22:00:00,sensor_ocupacao,1.0
2025-09-02 22:15:00,sensor_temp,20.95
2025-09-02 22:15:00,sensor_lux,0.0
2025-09-02 22:15:00,sensor_ocupacao,0.0
2025-09-02 22:30:00,sensor_temp,20.61
2025-09-02 22:30:00,sensor_lux,0.0
2025-09-02 22:30:00,sensor_ocupacao,0.0
2025-09-02 22:45:00,sensor_temp,20.86
2025-09-02 22:45:00,sensor_lux,0.0
2025-09-02 22:45:00,sensor_ocupacao,0.0
2025-09-02 23:00:00,sensor_temp,20.63
2025-09-02 23:00:00,sensor_lux,0.0
2025-09-02 23:00:00,sensor_ocupacao,0.0
2025-09-02 23:15:00,sensor_temp,20.8
2025-09-02 23:15:00,sensor_lux,0.0
2025-09-02 23:15:00,sensor_ocupacao,0.0
2025-09-02 23:30:00,sensor_temp,19.64
2025-09-02 23:30:00,sensor_lux,0.0
2025-09-02 23:30:00,sensor_ocupacao,0.0
2025-09-02 23:45:00,sensor_temp,21.51
2025-09-02 23:45:00,sensor_lux,0.0
2025-09-02 23:45:00,sensor_ocupacao,0.0
2025-09-03 00:00:00,sensor_temp,19.51
2025-09-03 00:00:00,sensor_lux,0.0
2025-09-03 00:00:00,sensor_ocupacao,0.0
2025-09-03 00:15:00,sensor_temp,19.97
2025-09-03 00:15:00,sensor_lux,0.0
2025-09-03 00:15:00,sensor_ocupacao,0.0
2025-09-03 00:30:00,sensor_temp,21.23
2025-09-03 00:30:00,sensor_lux,0.0
2025-09-03 00:30:00,sensor_ocupacao,0.0
2025-09-03 00:45:00,sensor_temp,21.25
2025-09-03 00:45:00,sensor_lux,0.0
2025-09-03 00:45:00,sensor_ocupacao,1.0
2025-09-03 01:00:00,sensor_temp,20.94
2025-09-03 01:00:00,sensor_lux,0.0
2025-09-03 01:00:00,sensor_ocupacao,0.0
2025-09-03 01:15:00,sensor_temp,17.6
2025-09-03 01:15:00,sensor_lux,0.0
2025-09-03 01:15:00,sensor_ocupacao,0.0
2025-09-03 01:30:00,sensor_temp,20.39
2025-09-03 01:30:00,sensor_lux,0.0
2025-09-03 01:30:00,sensor_ocupacao,1.0
2025-09-03 01:45:00,sensor_temp,19.87
2025-09-03 01:45:00,sensor_lux,0.0
2025-09-03 01:45:00,sensor_ocupacao,0.0
2025-09-03 02:00:00,sensor_temp,19.99
2025-09-03 02:00:00,sensor_lux,0.0
2025-09-03 02:00:00,sensor_ocupacao,0.0
2025-09-03 02:15:00,sensor_temp,19.7
2025-09-03 02:15:00,sensor_lux,0.0
2025-09-03 02:15:00,sensor_ocupacao,0.0
2025-09-03 02:30:00,sensor_temp,20.7
2025-09-03 02:30:00,sensor_lux,0.0
2025-09-03 02:30:00,sensor_ocupacao,1.0
2025-09-03 02:45:00,sensor_temp,21.84
2025-09-03 02:45:00,sensor_lux,0.0
2025-09-03 02:45:00,sensor_ocupacao,0.0
2025-09-03 03:00:00,sensor_temp,19.67
2025-09-03 03:00:00,sensor_lux,0.0
2025-09-03 03:00:00,sensor_ocupacao,0.0
2025-09-03 03:15:00,sensor_temp,20.14
2025-09-03 03:15:00,sensor_lux,0.0
2025-09-03 03:15:00,sensor_ocupacao,0.0
2025-09-03 03:30:00,sensor_temp,19.05
2025-09-03 03:30:00,sensor_lux,0.0
2025-09-03 03:30:00,sensor_ocupacao,0.0
2025-09-03 03:45:00,sensor_temp,20.61
2025-09-03 03:45:00,sensor_lux,0.0
2025-09-03 03:45:00,sensor_ocupacao,0.0
2025-09-03 04:00:00,sensor_temp,19.62
2025-09-03 04:00:00,sensor_lux,0.0
2025-09-03 04:00:00,sensor_ocupacao,0.0
2025-09-03 04:15:00,sensor_temp,19.89
2025-09-03 04:15:00,sensor_lux,0.0
2025-09-03 04:15:00,sensor_ocupacao,0.0
2025-09-03 04:30:00,sensor_temp,21.21
2025-09-03 04:30:00,sensor_lux,0.0
2025-09-03 04:30:00,sensor_ocupacao,1.0
2025-09-03 04:45:00,sensor_temp,20.04
2025-09-03 04:45:00,sensor_lux,0.0
2025-09-03 04:45:00,sensor_ocupacao,0.0
2025-09-03 05:00:00,sensor_temp,20.52
2025-09-03 05:00:00,sensor_lux,0.0
2025-09-03 05:00:00,sensor_ocupacao,0.0
2025-09-03 05:15:00,sensor_temp,19.98
2025-09-03 05:15:00,sensor_lux,0.0
2025-09-03 05:15:00,sensor_ocupacao,0.0
2025-09-03 05:30:00,sensor_temp,20.7
2025-09-03 05:30:00,sensor_lux,0.0
2025-09-03 05:30:00,sensor_ocupacao,0.0
2025-09-03 05:45:00,sensor_temp,19.07
2025-09-03 05:45:00,sensor_lux,0.0
2025-09-03 05:45:00,sensor_ocupacao,0.0
2025-09-03 06:00:00,sensor_temp,22.06
2025-09-03 06:00:00,sensor_lux,206.28
2025-09-03 06:00:00,sensor_ocupacao,0.0
2025-09-03 06:15:00,sensor_temp,23.86
2025-09-03 06:15:00,sensor_lux,339.87
2025-09-03 06:15:00,sensor_ocupacao,0.0
2025-09-03 06:30:00,sensor_temp,25.25
2025-09-03 06:30:00,sensor_lux,328.26
2025-09-03 06:30:00,sensor_ocupacao,0.0
2025-09-03 06:45:00,sensor_temp,20.81
2025-09-03 06:45:00,sensor_lux,288.94
2025-09-03 06:45:00,sensor_ocupacao,1.0
2025-09-03 07:00:00,sensor_temp,21.7
2025-09-03 07:00:00,sensor_lux,351.52
2025-09-03 07:00:00,sensor_ocupacao,0.0
2025-09-03 07:15:00,sensor_temp,22.73
2025-09-03 07:15:00,sensor_lux,287.8
2025-09-03 07:15:00,sensor_ocupacao,0.0
2025-09-03 07:30:00,sensor_temp,20.84
2025-09-03 07:30:00,sensor_lux,252.52
2025-09-03 07:30:00,sensor_ocupacao,0.0
2025-09-03 07:45:00,sensor_temp,22.27
2025-09-03 07:45:00,sensor_lux,211.39
2025-09-03 07:45:00,sensor_ocupacao,0.0
2025-09-03 08:00:00,sensor_temp,24.22
2025-09-03 08:00:00,sensor_lux,368.97
2025-09-03 08:00:00,sensor_ocupacao,1.0
2025-09-03 08:15:00,sensor_temp,22.13
2025-09-03 08:15:00,sensor_lux,297.99
2025-09-03 08:15:00,sensor_ocupacao,0.0
2025-09-03 08:30:00,sensor_temp,22.82
2025-09-03 08:30:00,sensor_lux,336.41
2025-09-03 08:30:00,sensor_ocupacao,0.0
2025-09-03 08:45:00,sensor_temp,22.01
2025-09-03 08:45:00,sensor_lux,339.91
2025-09-03 08:45:00,sensor_ocupacao,1.0
2025-09-03 09:00:00,sensor_temp,24.74
2025-09-03 09:00:00,sensor_lux,258.41
2025-09-03 09:00:00,sensor_ocupacao,0.0
2025-09-03 09:15:00,sensor_temp,23.39
2025-09-03 09:15:00,sensor_lux,283.91
2025-09-03 09:15:00,sensor_ocupacao,1.0
2025-09-03 09:30:00,sensor_temp,20.71
2025-09-03 09:30:00,sensor_lux,256.69
2025-09-03 09:30:00,sensor_ocupacao,0.0
2025-09-03 09:45:00,sensor_temp,24.02
2025-09-03 09:45:00,sensor_lux,333.76
2025-09-03 09:45:00,sensor_ocupacao,1.0
2025-09-03 10:00:00,sensor_temp,22.04
2025-09-03 10:00:00,sensor_lux,313.74
2025-09-03 10:00:00,sensor_ocupacao,1.0
2025-09-03 10:15:00,sensor_temp,23.34
2025-09-03 10:15:00,sensor_lux,315.48
2025-09-03 10:15:00,sensor_ocupacao,1.0
2025-09-03 10:30:00,sensor_temp,24.7
2025-09-03 10:30:00,sensor_lux,251.78
2025-09-03 10:30:00,sensor_ocupacao,1.0
2025-09-03 10:45:00,sensor_temp,24.19
2025-09-03 10:45:00,sensor_lux,340.92
2025-09-03 10:45:00,sensor_ocupacao,1.0
2025-09-03 11:00:00,sensor_temp,21.37
2025-09-03 11:00:00,sensor_lux,260.86
2025-09-03 11:00:00,sensor_ocupacao,1.0
2025-09-03 11:15:00,sensor_temp,23.57
2025-09-03 11:15:00,sensor_lux,303.44
2025-09-03 11:15:00,sensor_ocupacao,1.0
2025-09-03 11:30:00,sensor_temp,24.72
2025-09-03 11:30:00,sensor_lux,335.29
2025-09-03 11:30:00,sensor_ocupacao,0.0
2025-09-03 11:45:00,sensor_temp,21.76
2025-09-03 11:45:00,sensor_lux,238.66
2025-09-03 11:45:00,sensor_ocupacao,0.0
2025-09-03 12:00:00,sensor_temp,22.53
2025-09-03 12:00:00,sensor_lux,288.35
2025-09-03 12:00:00,sensor_ocupacao,0.0
2025-09-03 12:15:00,sensor_temp,25.83
2025-09-03 12:15:00,sensor_lux,265.5
2025-09-03 12:15:00,sensor_ocupacao,1.0
2025-09-03 12:30:00,sensor_temp,24.65
2025-09-03 12:30:00,sensor_lux,204.44
2025-09-03 12:30:00,sensor_ocupacao,1.0
2025-09-03 12:45:00,sensor_temp,22.42
2025-09-03 12:45:00,sensor_lux,295.72
2025-09-03 12:45:00,sensor_ocupacao,1.0
2025-09-03 13:00:00,sensor_temp,24.9
2025-09-03 13:00:00,sensor_lux,304.71
2025-09-03 13:00:00,sensor_ocupacao,1.0
2025-09-03 13:15:00,sensor_temp,23.89
2025-09-03 13:15:00,sensor_lux,265.07
2025-09-03 13:15:00,sensor_ocupacao,1.0
2025-09-03 13:30:00,sensor_temp,20.51
2025-09-03 13:30:00,sensor_lux,284.78
2025-09-03 13:30:00,sensor_ocupacao,0.0
2025-09-03 13:45:00,sensor_temp,23.21
2025-09-03 13:45:00,sensor_lux,356.77
2025-09-03 13:45:00,sensor_ocupacao,0.0
2025-09-03 14:00:00,sensor_temp,22.93
2025-09-03 14:00:00,sensor_lux,269.92
2025-09-03 14:00:00,sensor_ocupacao,0.0
2025-09-03 14:15:00,sensor_temp,24.49
2025-09-03 14:15:00,sensor_lux,294.82
2025-09-03 14:15:00,sensor_ocupacao,1.0
2025-09-03 14:30:00,sensor_temp,24.83
2025-09-03 14:30:00,sensor_lux,365.46
2025-09-03 14:30:00,sensor_ocupacao,1.0
2025-09-03 14:45:00,sensor_temp,22.22
2025-09-03 14:45:00,sensor_lux,317.99
2025-09-03 14:45:00,sensor_ocupacao,0.0
2025-09-03 15:00:00,sensor_temp,22.28
2025-09-03 15:00:00,sensor_lux,291.53
2025-09-03 15:00:00,sensor_ocupacao,0.0
2025-09-03 15:15:00,sensor_temp,23.13
2025-09-03 15:15:00,sensor_lux,313.96
2025-09-03 15:15:00,sensor_ocupacao,0.0
2025-09-03 15:30:00,sensor_temp,23.09
2025-09-03 15:30:00,sensor_lux,337.84
2025-09-03 15:30:00,sensor_ocupacao,1.0
2025-09-03 15:45:00,sensor_temp,23.06
2025-09-03 15:45:00,sensor_lux,223.83
2025-09-03 15:45:00,sensor_ocupacao,0.0
2025-09-03 16:00:00,sensor_temp,19.65
2025-09-03 16:00:00,sensor_lux,303.73
2025-09-03 16:00:00,sensor_ocupacao,1.0
2025-09-03 16:15:00,sensor_temp,25.69
2025-09-03 16:15:00,sensor_lux,399.59
2025-09-03 16:15:00,sensor_ocupacao,1.0
2025-09-03 16:30:00,sensor_temp,23.96
2025-09-03 16:30:00,sensor_lux,288.59
2025-09-03 16:30:00,sensor_ocupacao,1.0
2025-09-03 16:45:00,sensor_temp,23.02
2025-09-03 16:45:00,sensor_lux,281.85
2025-09-03 16:45:00,sensor_ocupacao,0.0
2025-09-03 17:00:00,sensor_temp,22.78
2025-09-03 17:00:00,sensor_lux,384.15
2025-09-03 17:00:00,sensor_ocupacao,0.0
2025-09-03 17:15:00,sensor_temp,25.04
2025-09-03 17:15:00,sensor_lux,366.07
2025-09-03 17:15:00,sensor_ocupacao,0.0
2025-09-03 17:30:00,sensor_temp,22.84
2025-09-03 17:30:00,sensor_lux,344.0
2025-09-03 17:30:00,sensor_ocupacao,1.0
2025-09-03 17:45:00,sensor_temp,25.31
2025-09-03 17:45:00,sensor_lux,286.57
2025-09-03 17:45:00,sensor_ocupacao,0.0
2025-09-03 18:00:00,sensor_temp,23.22
2025-09-03 18:00:00,sensor_lux,215.29
2025-09-03 18:00:00,sensor_ocupacao,1.0
2025-09-03 18:15:00,sensor_temp,20.8
2025-09-03 18:15:00,sensor_lux,283.53
2025-09-03 18:15:00,sensor_ocupacao,1.0
2025-09-03 18:30:00,sensor_temp,24.39
2025-09-03 18:30:00,sensor_lux,349.37
2025-09-03 18:30:00,sensor_ocupacao,0.0
2025-09-03 18:45:00,sensor_temp,22.72
2025-09-03 18:45:00,sensor_lux,318.2
2025-09-03 18:45:00,sensor_ocupacao,1.0
2025-09-03 19:00:00,sensor_temp,20.24
2025-09-03 19:00:00,sensor_lux,0.0
2025-09-03 19:00:00,sensor_ocupacao,0.0
2025-09-03 19:15:00,sensor_temp,20.09
2025-09-03 19:15:00,sensor_lux,0.0
2025-09-03 19:15:00,sensor_ocupacao,0.0
2025-09-03 19:30:00,sensor_temp,17.43
2025-09-03 19:30:00,sensor_lux,0.0
2025-09-03 19:30:00,sensor_ocupacao,0.0
2025-09-03 19:45:00,sensor_temp,20.28
2025-09-03 19:45:00,sensor_lux,0.0
2025-09-03 19:45:00,sensor_ocupacao,0.0
2025-09-03 20:00:00,sensor_temp,19.44
2025-09-03 20:00:00,sensor_lux,0.0
2025-09-03 20:00:00,sensor_ocupacao,0.0
2025-09-03 20:15:00,sensor_temp,18.16
2025-09-03 20:15:00,sensor_lux,0.0
2025-09-03 20:15:00,sensor_ocupacao,0.0
2025-09-03 20:30:00,sensor_temp,20.64
2025-09-03 20:30:00,sensor_lux,0.0
2025-09-03 20:30:00,sensor_ocupacao,0.0
2025-09-03 20:45:00,sensor_temp,20.56
2025-09-03 20:45:00,sensor_lux,0.0
2025-09-03 20:45:00,sensor_ocupacao,1.0
2025-09-03 21:00:00,sensor_temp,19.82
2025-09-03 21:00:00,sensor_lux,0.0
2025-09-03 21:00:00,sensor_ocupacao,0.0
2025-09-03 21:15:00,sensor_temp,21.52
2025-09-03 21:15:00,sensor_lux,0.0
2025-09-03 21:15:00,sensor_ocupacao,0.0
2025-09-03 21:30:00,sensor_temp,19.2
2025-09-03 21:30:00,sensor_lux,0.0
2025-09-03 21:30:00,sensor_ocupacao,0.0
2025-09-03 21:45:00,sensor_temp,19.97
2025-09-03 21:45:00,sensor_lux,0.0
2025-09-03 21:45:00,sensor_ocupacao,0.0
2025-09-03 22:00:00,sensor_temp,21.38
2025-09-03 22:00:00,sensor_lux,0.0
2025-09-03 22:00:00,sensor_ocupacao,0.0
2025-09-03 22:15:00,sensor_temp,20.46
2025-09-03 22:15:00,sensor_lux,0.0
2025-09-03 22:15:00,sensor_ocupacao,0.0
2025-09-03 22:30:00,sensor_temp,19.07
2025-09-03 22:30:00,sensor_lux,0.0
2025-09-03 22:30:00,sensor_ocupacao,0.0
2025-09-03 22:45:00,sensor_temp,19.21
2025-09-03 22:45:00,sensor_lux,0.0
2025-09-03 22:45:00,sensor_ocupacao,0.0
2025-09-03 23:00:00,sensor_temp,21.01
2025-09-03 23:00:00,sensor_lux,0.0
2025-09-03 23:00:00,sensor_ocupacao,0.0
2025-09-03 23:15:00,sensor_temp,19.72
2025-09-03 23:15:00,sensor_lux,0.0
2025-09-03 23:15:00,sensor_ocupacao,0.0
2025-09-03 23:30:00,sensor_temp,19.6
2025-09-03 23:30:00,sensor_lux,0.0
2025-09-03 23:30:00,sensor_ocupacao,0.0
2025-09-03 23:45:00,sensor_temp,20.09
2025-09-03 23:45:00,sensor_lux,0.0
2025-09-03 23:45:00,sensor_ocupacao,0.0
2025-09-04 00:00:00,sensor_temp,20.57
2025-09-04 00:00:00,sensor_lux,0.0
2025-09-04 00:00:00,sensor_ocupacao,0.0
2025-09-04 00:15:00,sensor_temp,19.85
2025-09-04 00:15:00,sensor_lux,0.0
2025-09-04 00:15:00,sensor_ocupacao,0.0
2025-09-04 00:30:00,sensor_temp,19.08
2025-09-04 00:30:00,sensor_lux,0.0
2025-09-04 00:30:00,sensor_ocupacao,1.0
2025-09-04 00:45:00,sensor_temp,21.51
2025-09-04 00:45:00,sensor_lux,0.0
2025-09-04 00:45:00,sensor_ocupacao,0.0
2025-09-04 01:00:00,sensor_temp,18.61
2025-09-04 01:00:00,sensor_lux,0.0
2025-09-04 01:00:00,sensor_ocupacao,0.0
2025-09-04 01:15:00,sensor_temp,20.08
2025-09-04 01:15:00,sensor_lux,0.0
2025-09-04 01:15:00,sensor_ocupacao,0.0
2025-09-04 01:30:00,sensor_temp,20.09
2025-09-04 01:30:00,sensor_lux,0.0
2025-09-04 01:30:00,sensor_ocupacao,0.0
2025-09-04 01:45:00,sensor_temp,19.09
2025-09-04 01:45:00,sensor_lux,0.0
2025-09-04 01:45:00,sensor_ocupacao,1.0
2025-09-04 02:00:00,sensor_temp,19.89
2025-09-04 02:00:00,sensor_lux,0.0
2025-09-04 02:00:00,sensor_ocupacao,0.0
2025-09-04 02:15:00,sensor_temp,19.52
2025-09-04 02:15:00,sensor_lux,0.0
2025-09-04 02:15:00,sensor_ocupacao,0.0
2025-09-04 02:30:00,sensor_temp,20.2
2025-09-04 02:30:00,sensor_lux,0.0
2025-09-04 02:30:00,sensor_ocupacao,1.0
2025-09-04 02:45:00,sensor_temp,19.43
2025-09-04 02:45:00,sensor_lux,0.0
2025-09-04 02:45:00,sensor_ocupacao,0.0
2025-09-04 03:00:00,sensor_temp,18.74
2025-09-04 03:00:00,sensor_lux,0.0
2025-09-04 03:00:00,sensor_ocupacao,0.0
2025-09-04 03:15:00,sensor_temp,19.46
2025-09-04 03:15:00,sensor_lux,0.0
2025-09-04 03:15:00,sensor_ocupacao,0.0
2025-09-04 03:30:00,sensor_temp,21.28
2025-09-04 03:30:00,sensor_lux,0.0
2025-09-04 03:30:00,sensor_ocupacao,0.0
2025-09-04 03:45:00,sensor_temp,20.49
2025-09-04 03:45:00,sensor_lux,0.0
2025-09-04 03:45:00,sensor_ocupacao,0.0
2025-09-04 04:00:00,sensor_temp,18.44
2025-09-04 04:00:00,sensor_lux,0.0
2025-09-04 04:00:00,sensor_ocupacao,0.0
2025-09-04 04:15:00,sensor_temp,19.43
2025-09-04 04:15:00,sensor_lux,0.0
2025-09-04 04:15:00,sensor_ocupacao,0.0
2025-09-04 04:30:00,sensor_temp,20.11
2025-09-04 04:30:00,sensor_lux,0.0
2025-09-04 04:30:00,sensor_ocupacao,0.0
2025-09-04 04:45:00,sensor_temp,21.19
2025-09-04 04:45:00,sensor_lux,0.0
2025-09-04 04:45:00,sensor_ocupacao,0.0
2025-09-04 05:00:00,sensor_temp,20.31
2025-09-04 05:00:00,sensor_lux,0.0
2025-09-04 05:00:00,sensor_ocupacao,0.0
2025-09-04 05:15:00,sensor_temp,20.06
2025-09-04 05:15:00,sensor_lux,0.0
2025-09-04 05:15:00,sensor_ocupacao,0.0
2025-09-04 05:30:00,sensor_temp,20.55
2025-09-04 05:30:00,sensor_lux,0.0
2025-09-04 05:30:00,sensor_ocupacao,0.0
2025-09-04 05:45:00,sensor_temp,20.42
2025-09-04 05:45:00,sensor_lux,0.0
2025-09-04 05:45:00,sensor_ocupacao,0.0
2025-09-04 06:00:00,sensor_temp,21.71
2025-09-04 06:00:00,sensor_lux,295.1
2025-09-04 06:00:00,sensor_ocupacao,0.0
2025-09-04 06:15:00,sensor_temp,21.36
2025-09-04 06:15:00,sensor_lux,315.05
2025-09-04 06:15:00,sensor_ocupacao,0.0
2025-09-04 06:30:00,sensor_temp,22.15
2025-09-04 06:30:00,sensor_lux,270.09
2025-09-04 06:30:00,sensor_ocupacao,0.0
2025-09-04 06:45:00,sensor_temp,20.84
2025-09-04 06:45:00,sensor_lux,354.92
2025-09-04 06:45:00,sensor_ocupacao,0.0
2025-09-04 07:00:00,sensor_temp,22.33
2025-09-04 07:00:00,sensor_lux,330.97
2025-09-04 07:00:00,sensor_ocupacao,0.0
2025-09-04 07:15:00,sensor_temp,22.71
2025-09-04 07:15:00,sensor_lux,270.63
2025-09-04 07:15:00,sensor_ocupacao,0.0
2025-09-04 07:30:00,sensor_temp,24.18
2025-09-04 07:30:00,sensor_lux,288.6
2025-09-04 07:30:00,sensor_ocupacao,1.0
2025-09-04 07:45:00,sensor_temp,22.98
2025-09-04 07:45:00,sensor_lux,206.27
2025-09-04 07:45:00,sensor_ocupacao,0.0
2025-09-04 08:00:00,sensor_temp,23.0
2025-09-04 08:00:00,sensor_lux,258.37
2025-09-04 08:00:00,sensor_ocupacao,0.0
2025-09-04 08:15:00,sensor_temp,23.34
2025-09-04 08:15:00,sensor_lux,327.41
2025-09-04 08:15:00,sensor_ocupacao,1.0
2025-09-04 08:30:00,sensor_temp,22.66
2025-09-04 08:30:00,sensor_lux,259.93
2025-09-04 08:30:00,sensor_ocupacao,0.0
2025-09-04 08:45:00,sensor_temp,22.73
2025-09-04 08:45:00,sensor_lux,235.71
2025-09-04 08:45:00,sensor_ocupacao,1.0
2025-09-04 09:00:00,sensor_temp,22.72
2025-09-04 09:00:00,sensor_lux,244.56
2025-09-04 09:00:00,sensor_ocupacao,1.0
2025-09-04 09:15:00,sensor_temp,24.99
2025-09-04 09:15:00,sensor_lux,269.33
2025-09-04 09:15:00,sensor_ocupacao,1.0
2025-09-04 09:30:00,sensor_temp,22.36
2025-09-04 09:30:00,sensor_lux,310.41
2025-09-04 09:30:00,sensor_ocupacao,1.0
2025-09-04 09:45:00,sensor_temp,20.96
2025-09-04 09:45:00,sensor_lux,259.36
2025-09-04 09:45:00,sensor_ocupacao,0.0
2025-09-04 10:00:00,sensor_temp,21.82
2025-09-04 10:00:00,sensor_lux,298.36
2025-09-04 10:00:00,sensor_ocupacao,1.0
2025-09-04 10:15:00,sensor_temp,23.36
2025-09-04 10:15:00,sensor_lux,246.25
2025-09-04 10:15:00,sensor_ocupacao,1.0
2025-09-04 10:30:00,sensor_temp,25.82
2025-09-04 10:30:00,sensor_lux,322.04
2025-09-04 10:30:00,sensor_ocupacao,1.0
2025-09-04 10:45:00,sensor_temp,20.83
2025-09-04 10:45:00,sensor_lux,308.08
2025-09-04 10:45:00,sensor_ocupacao,1.0
2025-09-04 11:00:00,sensor_temp,21.64
2025-09-04 11:00:00,sensor_lux,176.18
2025-09-04 11:00:00,sensor_ocupacao,0.0
2025-09-04 11:15:00,sensor_temp,24.5
2025-09-04 11:15:00,sensor_lux,282.17
2025-09-04 11:15:00,sensor_ocupacao,1.0
2025-09-04 11:30:00,sensor_temp,21.43
2025-09-04 11:30:00,sensor_lux,378.83
2025-09-04 11:30:00,sensor_ocupacao,1.0
2025-09-04 11:45:00,sensor_temp,25.11
2025-09-04 11:45:00,sensor_lux,323.79
2025-09-04 11:45:00,sensor_ocupacao,0.0
2025-09-04 12:00:00,sensor_temp,25.54
2025-09-04 12:00:00,sensor_lux,417.78
2025-09-04 12:00:00,sensor_ocupacao,0.0
2025-09-04 12:15:00,sensor_temp,24.29
2025-09-04 12:15:00,sensor_lux,310.26
2025-09-04 12:15:00,sensor_ocupacao,0.0
2025-09-04 12:30:00,sensor_temp,24.63
2025-09-04 12:30:00,sensor_lux,316.71
2025-09-04 12:30:00,sensor_ocupacao,1.0
2025-09-04 12:45:00,sensor_temp,21.73
2025-09-04 12:45:00,sensor_lux,329.0
2025-09-04 12:45:00,sensor_ocupacao,1.0
2025-09-04 13:00:00,sensor_temp,21.05
2025-09-04 13:00:00,sensor_lux,320.1
2025-09-04 13:00:00,sensor_ocupacao,1.0
2025-09-04 13:15:00,sensor_temp,24.11
2025-09-04 13:15:00,sensor_lux,341.01
2025-09-04 13:15:00,sensor_ocupacao,0.0
2025-09-04 13:30:00,sensor_temp,23.25
2025-09-04 13:30:00,sensor_lux,250.97
2025-09-04 13:30:00,sensor_ocupacao,0.0
2025-09-04 13:45:00,sensor_temp,25.44
2025-09-04 13:45:00,sensor_lux,332.35
2025-09-04 13:45:00,sensor_ocupacao,1.0
2025-09-04 14:00:00,sensor_temp,22.0
2025-09-04 14:00:00,sensor_lux,381.46
2025-09-04 14:00:00,sensor_ocupacao,0.0
2025-09-04 14:15:00,sensor_temp,22.51
2025-09-04 14:15:00,sensor_lux,324.82
2025-09-04 14:15:00,sensor_ocupacao,1.0
2025-09-04 14:30:00,sensor_temp,22.79
2025-09-04 14:30:00,sensor_lux,288.46
2025-09-04 14:30:00,sensor_ocupacao,0.0
2025-09-04 14:45:00,sensor_temp,22.9
2025-09-04 14:45:00,sensor_lux,327.83
2025-09-04 14:45:00,sensor_ocupacao,1.0
2025-09-04 15:00:00,sensor_temp,24.5
2025-09-04 15:00:00,sensor_lux,233.64
2025-09-04 15:00:00,sensor_ocupacao,0.0
2025-09-04 15:15:00,sensor_temp,23.73
2025-09-04 15:15:00,sensor_lux,312.4
2025-09-04 15:15:00,sensor_ocupacao,1.0
2025-09-04 15:30:00,sensor_temp,21.21
2025-09-04 15:30:00,sensor_lux,255.93
2025-09-04 15:30:00,sensor_ocupacao,1.0
2025-09-04 15:45:00,sensor_temp,21.94
2025-09-04 15:45:00,sensor_lux,324.7
2025-09-04 15:45:00,sensor_ocupacao,1.0
2025-09-04 16:00:00,sensor_temp,23.33
2025-09-04 16:00:00,sensor_lux,308.07
2025-09-04 16:00:00,sensor_ocupacao,0.0
2025-09-04 16:15:00,sensor_temp,24.5
2025-09-04 16:15:00,sensor_lux,261.33
2025-09-04 16:15:00,sensor_ocupacao,1.0
2025-09-04 16:30:00,sensor_temp,22.59
2025-09-04 16:30:00,sensor_lux,293.65
2025-09-04 16:30:00,sensor_ocupacao,1.0
2025-09-04 16:45:00,sensor_temp,24.15
2025-09-04 16:45:00,sensor_lux,407.82
2025-09-04 16:45:00,sensor_ocupacao,1.0
2025-09-04 17:00:00,sensor_temp,25.36
2025-09-04 17:00:00,sensor_lux,221.63
2025-09-04 17:00:00,sensor_ocupacao,1.0
2025-09-04 17:15:00,sensor_temp,24.38
2025-09-04 17:15:00,sensor_lux,304.64
2025-09-04 17:15:00,sensor_ocupacao,1.0
2025-09-04 17:30:00,sensor_temp,22.7
2025-09-04 17:30:00,sensor_lux,376.74
2025-09-04 17:30:00,sensor_ocupacao,1.0
2025-09-04 17:45:00,sensor_temp,23.43
2025-09-04 17:45:00,sensor_lux,433.29
2025-09-04 17:45:00,sensor_ocupacao,1.0
2025-09-04 18:00:00,sensor_temp,20.98
2025-09-04 18:00:00,sensor_lux,326.99
2025-09-04 18:00:00,sensor_ocupacao,1.0
2025-09-04 18:15:00,sensor_temp,21.6
2025-09-04 18:15:00,sensor_lux,287.21
2025-09-04 18:15:00,sensor_ocupacao,1.0
2025-09-04 18:30:00,sensor_temp,23.51
2025-09-04 18:30:00,sensor_lux,294.71
2025-09-04 18:30:00,sensor_ocupacao,1.0
2025-09-04 18:45:00,sensor_temp,24.04
2025-09-04 18:45:00,sensor_lux,364.8
2025-09-04 18:45:00,sensor_ocupacao,1.0
2025-09-04 19:00:00,sensor_temp,18.52
2025-09-04 19:00:00,sensor_lux,0.0
2025-09-04 19:00:00,sensor_ocupacao,0.0
2025-09-04 19:15:00,sensor_temp,18.16
2025-09-04 19:15:00,sensor_lux,0.0
2025-09-04 19:15:00,sensor_ocupacao,0.0
2025-09-04 19:30:00,sensor_temp,19.59
2025-09-04 19:30:00,sensor_lux,0.0
2025-09-04 19:30:00,sensor_ocupacao,0.0
2025-09-04 19:45:00,sensor_temp,18.52
2025-09-04 19:45:00,sensor_lux,0.0
2025-09-04 19:45:00,sensor_ocupacao,0.0
2025-09-04 20:00:00,sensor_temp,18.76
2025-09-04 20:00:00,sensor_lux,0.0
2025-09-04 20:00:00,sensor_ocupacao,0.0
2025-09-04 20:15:00,sensor_temp,19.81
2025-09-04 20:15:00,sensor_lux,0.0
2025-09-04 20:15:00,sensor_ocupacao,0.0
2025-09-04 20:30:00,sensor_temp,18.3
2025-09-04 20:30:00,sensor_lux,0.0
2025-09-04 20:30:00,sensor_ocupacao,0.0
2025-09-04 20:45:00,sensor_temp,20.92
2025-09-04 20:45:00,sensor_lux,0.0
2025-09-04 20:45:00,sensor_ocupacao,0.0
2025-09-04 21:00:00,sensor_temp,18.46
2025-09-04 21:00:00,sensor_lux,0.0
2025-09-04 21:00:00,sensor_ocupacao,0.0
2025-09-04 21:15:00,sensor_temp,19.83
2025-09-04 21:15:00,sensor_lux,0.0
2025-09-04 21:15:00,sensor_ocupacao,0.0
2025-09-04 21:30:00,sensor_temp,18.54
2025-09-04 21:30:00,sensor_lux,0.0
2025-09-04 21:30:00,sensor_ocupacao,0.0
2025-09-04 21:45:00,sensor_temp,20.08
2025-09-04 21:45:00,sensor_lux,0.0
2025-09-04 21:45:00,sensor_ocupacao,0.0
2025-09-04 22:00:00,sensor_temp,19.4
2025-09-04 22:00:00,sensor_lux,0.0
2025-09-04 22:00:00,sensor_ocupacao,0.0
2025-09-04 22:15:00,sensor_temp,20.53
2025-09-04 22:15:00,sensor_lux,0.0
2025-09-04 22:15:00,sensor_ocupacao,0.0
2025-09-04 22:30:00,sensor_temp,19.67
2025-09-04 22:30:00,sensor_lux,0.0
2025-09-04 22:30:00,sensor_ocupacao,0.0
2025-09-04 22:45:00,sensor_temp,19.98
2025-09-04 22:45:00,sensor_lux,0.0
2025-09-04 22:45:00,sensor_ocupacao,0.0
2025-09-04 23:00:00,sensor_temp,20.22
2025-09-04 23:00:00,sensor_lux,0.0
2025-09-04 23:00:00,sensor_ocupacao,0.0
2025-09-04 23:15:00,sensor_temp,22.57
2025-09-04 23:15:00,sensor_lux,0.0
2025-09-04 23:15:00,sensor_ocupacao,0.0
2025-09-04 23:30:00,sensor_temp,21.0
2025-09-04 23:30:00,sensor_lux,0.0
2025-09-04 23:30:00,sensor_ocupacao,0.0
2025-09-04 23:45:00,sensor_temp,19.47
2025-09-04 23:45:00,sensor_lux,0.0
2025-09-04 23:45:00,sensor_ocupacao,0.0
2025-09-05 00:00:00,sensor_temp,21.28
2025-09-05 00:00:00,sensor_lux,0.0
2025-09-05 00:00:00,sensor_ocupacao,0.0
2025-09-05 00:15:00,sensor_temp,20.25
2025-09-05 00:15:00,sensor_lux,0.0
2025-09-05 00:15:00,sensor_ocupacao,0.0
2025-09-05 00:30:00,sensor_temp,19.66
2025-09-05 00:30:00,sensor_lux,0.0
2025-09-05 00:30:00,sensor_ocupacao,0.0
2025-09-05 00:45:00,sensor_temp,20.12
2025-09-05 00:45:00,sensor_lux,0.0
2025-09-05 00:45:00,sensor_ocupacao,0.0
2025-09-05 01:00:00,sensor_temp,17.12
2025-09-05 01:00:00,sensor_lux,0.0
2025-09-05 01:00:00,sensor_ocupacao,0.0
2025-09-05 01:15:00,sensor_temp,19.06
2025-09-05 01:15:00,sensor_lux,0.0
2025-09-05 01:15:00,sensor_ocupacao,1.0
2025-09-05 01:30:00,sensor_temp,20.53
2025-09-05 01:30:00,sensor_lux,0.0
2025-09-05 01:30:00,sensor_ocupacao,0.0
2025-09-05 01:45:00,sensor_temp,19.68
2025-09-05 01:45:00,sensor_lux,0.0
2025-09-05 01:45:00,sensor_ocupacao,0.0
2025-09-05 02:00:00,sensor_temp,20.47
2025-09-05 02:00:00,sensor_lux,0.0
2025-09-05 02:00:00,sensor_ocupacao,1.0
2025-09-05 02:15:00,sensor_temp,19.63
2025-09-05 02:15:00,sensor_lux,0.0
2025-09-05 02:15:00,sensor_ocupacao,1.0
2025-09-05 02:30:00,sensor_temp,20.18
2025-09-05 02:30:00,sensor_lux,0.0
2025-09-05 02:30:00,sensor_ocupacao,0.0
2025-09-05 02:45:00,sensor_temp,20.28
2025-09-05 02:45:00,sensor_lux,0.0
2025-09-05 02:45:00,sensor_ocupacao,0.0
2025-09-05 03:00:00,sensor_temp,20.24
2025-09-05 03:00:00,sensor_lux,0.0
2025-09-05 03:00:00,sensor_ocupacao,1.0
2025-09-05 03:15:00,sensor_temp,19.73
2025-09-05 03:15:00,sensor_lux,0.0
2025-09-05 03:15:00,sensor_ocupacao,0.0
2025-09-05 03:30:00,sensor_temp,20.89
2025-09-05 03:30:00,sensor_lux,0.0
2025-09-05 03:30:00,sensor_ocupacao,0.0
2025-09-05 03:45:00,sensor_temp,18.82
2025-09-05 03:45:00,sensor_lux,0.0
2025-09-05 03:45:00,sensor_ocupacao,0.0
2025-09-05 04:00:00,sensor_temp,20.86
2025-09-05 04:00:00,sensor_lux,0.0
2025-09-05 04:00:00,sensor_ocupacao,1.0
2025-09-05 04:15:00,sensor_temp,19.88
2025-09-05 04:15:00,sensor_lux,0.0
2025-09-05 04:15:00,sensor_ocupacao,0.0
2025-09-05 04:30:00,sensor_temp,19.38
2025-09-05 04:30:00,sensor_lux,0.0
2025-09-05 04:30:00,sensor_ocupacao,0.0
2025-09-05 04:45:00,sensor_temp,19.9
2025-09-05 04:45:00,sensor_lux,0.0
2025-09-05 04:45:00,sensor_ocupacao,0.0
2025-09-05 05:00:00,sensor_temp,18.55
2025-09-05 05:00:00,sensor_lux,0.0
2025-09-05 05:00:00,sensor_ocupacao,0.0
2025-09-05 05:15:00,sensor_temp,21.24
2025-09-05 05:15:00,sensor_lux,0.0
2025-09-05 05:15:00,sensor_ocupacao,0.0
2025-09-05 05:30:00,sensor_temp,20.07
2025-09-05 05:30:00,sensor_lux,0.0
2025-09-05 05:30:00,sensor_ocupacao,0.0
2025-09-05 05:45:00,sensor_temp,21.16
2025-09-05 05:45:00,sensor_lux,0.0
2025-09-05 05:45:00,sensor_ocupacao,0.0
2025-09-05 06:00:00,sensor_temp,22.43
2025-09-05 06:00:00,sensor_lux,238.74
2025-09-05 06:00:00,sensor_ocupacao,0.0
2025-09-05 06:15:00,sensor_temp,22.36
2025-09-05 06:15:00,sensor_lux,281.38
2025-09-05 06:15:00,sensor_ocupacao,0.0
2025-09-05 06:30:00,sensor_temp,24.23
2025-09-05 06:30:00,sensor_lux,374.68
2025-09-05 06:30:00,sensor_ocupacao,0.0
2025-09-05 06:45:00,sensor_temp,24.12
2025-09-05 06:45:00,sensor_lux,250.46
2025-09-05 06:45:00,sensor_ocupacao,0.0
2025-09-05 07:00:00,sensor_temp,22.75
2025-09-05 07:00:00,sensor_lux,320.57
2025-09-05 07:00:00,sensor_ocupacao,0.0
2025-09-05 07:15:00,sensor_temp,22.07
2025-09-05 07:15:00,sensor_lux,292.57
2025-09-05 07:15:00,sensor_ocupacao,0.0
2025-09-05 07:30:00,sensor_temp,22.68
2025-09-05 07:30:00,sensor_lux,357.83
2025-09-05 07:30:00,sensor_ocupacao,0.0
2025-09-05 07:45:00,sensor_temp,24.94
2025-09-05 07:45:00,sensor_lux,289.44
2025-09-05 07:45:00,sensor_ocupacao,0.0
2025-09-05 08:00:00,sensor_temp,22.07
2025-09-05 08:00:00,sensor_lux,376.62
2025-09-05 08:00:00,sensor_ocupacao,1.0
2025-09-05 08:15:00,sensor_temp,21.55
2025-09-05 08:15:00,sensor_lux,285.95
2025-09-05 08:15:00,sensor_ocupacao,1.0
2025-09-05 08:30:00,sensor_temp,23.36
2025-09-05 08:30:00,sensor_lux,284.33
2025-09-05 08:30:00,sensor_ocupacao,0.0
2025-09-05 08:45:00,sensor_temp,23.84
2025-09-05 08:45:00,sensor_lux,313.82
2025-09-05 08:45:00,sensor_ocupacao,1.0
2025-09-05 09:00:00,sensor_temp,24.74
2025-09-05 09:00:00,sensor_lux,294.74
2025-09-05 09:00:00,sensor_ocupacao,1.0
2025-09-05 09:15:00,sensor_temp,25.12
2025-09-05 09:15:00,sensor_lux,344.76
2025-09-05 09:15:00,sensor_ocupacao,0.0
2025-09-05 09:30:00,sensor_temp,22.0
2025-09-05 09:30:00,sensor_lux,247.61
2025-09-05 09:30:00,sensor_ocupacao,1.0
2025-09-05 09:45:00,sensor_temp,21.91
2025-09-05 09:45:00,sensor_lux,293.41
2025-09-05 09:45:00,sensor_ocupacao,1.0
2025-09-05 10:00:00,sensor_temp,22.09
2025-09-05 10:00:00,sensor_lux,244.46
2025-09-05 10:00:00,sensor_ocupacao,0.0
2025-09-05 10:15:00,sensor_temp,23.68
2025-09-05 10:15:00,sensor_lux,245.69
2025-09-05 10:15:00,sensor_ocupacao,1.0
2025-09-05 10:30:00,sensor_temp,23.83
2025-09-05 10:30:00,sensor_lux,402.43
2025-09-05 10:30:00,sensor_ocupacao,1.0
2025-09-05 10:45:00,sensor_temp,21.28
2025-09-05 10:45:00,sensor_lux,262.61
2025-09-05 10:45:00,sensor_ocupacao,1.0
2025-09-05 11:00:00,sensor_temp,24.89
2025-09-05 11:00:00,sensor_lux,278.41
2025-09-05 11:00:00,sensor_ocupacao,1.0
2025-09-05 11:15:00,sensor_temp,21.51
2025-09-05 11:15:00,sensor_lux,329.57
2025-09-05 11:15:00,sensor_ocupacao,1.0
2025-09-05 11:30:00,sensor_temp,22.86
2025-09-05 11:30:00,sensor_lux,272.92
2025-09-05 11:30:00,sensor_ocupacao,0.0
2025-09-05 11:45:00,sensor_temp,24.18
2025-09-05 11:45:00,sensor_lux,228.73
2025-09-05 11:45:00,sensor_ocupacao,0.0
2025-09-05 12:00:00,sensor_temp,22.17
2025-09-05 12:00:00,sensor_lux,393.76
2025-09-05 12:00:00,sensor_ocupacao,1.0
2025-09-05 12:15:00,sensor_temp,21.35
2025-09-05 12:15:00,sensor_lux,276.83
2025-09-05 12:15:00,sensor_ocupacao,1.0
2025-09-05 12:30:00,sensor_temp,21.91
2025-09-05 12:30:00,sensor_lux,324.49
2025-09-05 12:30:00,sensor_ocupacao,0.0
2025-09-05 12:45:00,sensor_temp,23.32
2025-09-05 12:45:00,sensor_lux,312.03
2025-09-05 12:45:00,sensor_ocupacao,0.0
2025-09-05 13:00:00,sensor_temp,26.1
2025-09-05 13:00:00,sensor_lux,218.48
2025-09-05 13:00:00,sensor_ocupacao,1.0
2025-09-05 13:15:00,sensor_temp,22.78
2025-09-05 13:15:00,sensor_lux,330.81
2025-09-05 13:15:00,sensor_ocupacao,0.0
2025-09-05 13:30:00,sensor_temp,22.85
2025-09-05 13:30:00,sensor_lux,349.85
2025-09-05 13:30:00,sensor_ocupacao,1.0
2025-09-05 13:45:00,sensor_temp,23.32
2025-09-05 13:45:00,sensor_lux,219.21
2025-09-05 13:45:00,sensor_ocupacao,1.0
2025-09-05 14:00:00,sensor_temp,23.48
2025-09-05 14:00:00,sensor_lux,290.24
2025-09-05 14:00:00,sensor_ocupacao,1.0
2025-09-05 14:15:00,sensor_temp,25.42
2025-09-05 14:15:00,sensor_lux,264.77
2025-09-05 14:15:00,sensor_ocupacao,0.0
2025-09-05 14:30:00,sensor_temp,20.58
2025-09-05 14:30:00,sensor_lux,252.14
2025-09-05 14:30:00,sensor_ocupacao,1.0
2025-09-05 14:45:00,sensor_temp,22.41
2025-09-05 14:45:00,sensor_lux,262.03
2025-09-05 14:45:00,sensor_ocupacao,0.0
2025-09-05 15:00:00,sensor_temp,19.41
2025-09-05 15:00:00,sensor_lux,286.88
2025-09-05 15:00:00,sensor_ocupacao,1.0
2025-09-05 15:15:00,sensor_temp,18.89
2025-09-05 15:15:00,sensor_lux,279.74
2025-09-05 15:15:00,sensor_ocupacao,0.0
2025-09-05 15:30:00,sensor_temp,21.12
2025-09-05 15:30:00,sensor_lux,287.03
2025-09-05 15:30:00,sensor_ocupacao,1.0
2025-09-05 15:45:00,sensor_temp,21.82
2025-09-05 15:45:00,sensor_lux,259.29
2025-09-05 15:45:00,sensor_ocupacao,1.0
2025-09-05 16:00:00,sensor_temp,23.96
2025-09-05 16:00:00,sensor_lux,337.93
2025-09-05 16:00:00,sensor_ocupacao,0.0
2025-09-05 16:15:00,sensor_temp,20.11
2025-09-05 16:15:00,sensor_lux,321.45
2025-09-05 16:15:00,sensor_ocupacao,1.0
2025-09-05 16:30:00,sensor_temp,22.77
2025-09-05 16:30:00,sensor_lux,250.04
2025-09-05 16:30:00,sensor_ocupacao,1.0
2025-09-05 16:45:00,sensor_temp,21.23
2025-09-05 16:45:00,sensor_lux,315.37
2025-09-05 16:45:00,sensor_ocupacao,1.0
2025-09-05 17:00:00,sensor_temp,22.72
2025-09-05 17:00:00,sensor_lux,380.53
2025-09-05 17:00:00,sensor_ocupacao,1.0
2025-09-05 17:15:00,sensor_temp,23.11
2025-09-05 17:15:00,sensor_lux,334.34
2025-09-05 17:15:00,sensor_ocupacao,1.0
2025-09-05 17:30:00,sensor_temp,23.49
2025-09-05 17:30:00,sensor_lux,293.37
2025-09-05 17:30:00,sensor_ocupacao,1.0
2025-09-05 17:45:00,sensor_temp,24.95
2025-09-05 17:45:00,sensor_lux,325.97
2025-09-05 17:45:00,sensor_ocupacao,1.0
2025-09-05 18:00:00,sensor_temp,26.29
2025-09-05 18:00:00,sensor_lux,280.53
2025-09-05 18:00:00,sensor_ocupacao,1.0
2025-09-05 18:15:00,sensor_temp,22.43
2025-09-05 18:15:00,sensor_lux,292.37
2025-09-05 18:15:00,sensor_ocupacao,1.0
2025-09-05 18:30:00,sensor_temp,22.68
2025-09-05 18:30:00,sensor_lux,279.79
2025-09-05 18:30:00,sensor_ocupacao,1.0
2025-09-05 18:45:00,sensor_temp,23.63
2025-09-05 18:45:00,sensor_lux,335.88
2025-09-05 18:45:00,sensor_ocupacao,1.0
2025-09-05 19:00:00,sensor_temp,20.96
2025-09-05 19:00:00,sensor_lux,0.0
2025-09-05 19:00:00,sensor_ocupacao,0.0
2025-09-05 19:15:00,sensor_temp,20.25
2025-09-05 19:15:00,sensor_lux,0.0
2025-09-05 19:15:00,sensor_ocupacao,0.0
2025-09-05 19:30:00,sensor_temp,19.66
2025-09-05 19:30:00,sensor_lux,0.0
2025-09-05 19:30:00,sensor_ocupacao,0.0
2025-09-05 19:45:00,sensor_temp,21.58
2025-09-05 19:45:00,sensor_lux,0.0
2025-09-05 19:45:00,sensor_ocupacao,0.0
2025-09-05 20:00:00,sensor_temp,18.7
2025-09-05 20:00:00,sensor_lux,0.0
2025-09-05 20:00:00,sensor_ocupacao,0.0
2025-09-05 20:15:00,sensor_temp,20.17
2025-09-05 20:15:00,sensor_lux,0.0
2025-09-05 20:15:00,sensor_ocupacao,0.0
2025-09-05 20:30:00,sensor_temp,20.29
2025-09-05 20:30:00,sensor_lux,0.0
2025-09-05 20:30:00,sensor_ocupacao,0.0
2025-09-05 20:45:00,sensor_temp,21.58
2025-09-05 20:45:00,sensor_lux,0.0
2025-09-05 20:45:00,sensor_ocupacao,0.0
2025-09-05 21:00:00,sensor_temp,18.98
2025-09-05 21:00:00,sensor_lux,0.0
2025-09-05 21:00:00,sensor_ocupacao,0.0
2025-09-05 21:15:00,sensor_temp,19.04
2025-09-05 21:15:00,sensor_lux,0.0
2025-09-05 21:15:00,sensor_ocupacao,0.0
2025-09-05 21:30:00,sensor_temp,19.94
2025-09-05 21:30:00,sensor_lux,0.0
2025-09-05 21:30:00,sensor_ocupacao,0.0
2025-09-05 21:45:00,sensor_temp,21.36
2025-09-05 21:45:00,sensor_lux,0.0
2025-09-05 21:45:00,sensor_ocupacao,0.0
2025-09-05 22:00:00,sensor_temp,19.81
2025-09-05 22:00:00,sensor_lux,0.0
2025-09-05 22:00:00,sensor_ocupacao,0.0
2025-09-05 22:15:00,sensor_temp,20.99
2025-09-05 22:15:00,sensor_lux,0.0
2025-09-05 22:15:00,sensor_ocupacao,0.0
2025-09-05 22:30:00,sensor_temp,20.01
2025-09-05 22:30:00,sensor_lux,0.0
2025-09-05 22:30:00,sensor_ocupacao,0.0
2025-09-05 22:45:00,sensor_temp,22.09
2025-09-05 22:45:00,sensor_lux,0.0
2025-09-05 22:45:00,sensor_ocupacao,0.0
2025-09-05 23:00:00,sensor_temp,19.74
2025-09-05 23:00:00,sensor_lux,0.0
2025-09-05 23:00:00,sensor_ocupacao,0.0
2025-09-05 23:15:00,sensor_temp,21.65
2025-09-05 23:15:00,sensor_lux,0.0
2025-09-05 23:15:00,sensor_ocupacao,0.0
2025-09-05 23:30:00,sensor_temp,17.79
2025-09-05 23:30:00,sensor_lux,0.0
2025-09-05 23:30:00,sensor_ocupacao,0.0
2025-09-05 23:45:00,sensor_temp,21.31
2025-09-05 23:45:00,sensor_lux,0.0
2025-09-05 23:45:00,sensor_ocupacao,0.0
2025-09-06 00:00:00,sensor_temp,18.52
2025-09-06 00:00:00,sensor_lux,0.0
2025-09-06 00:00:00,sensor_ocupacao,0.0
2025-09-06 00:15:00,sensor_temp,20.72
2025-09-06 00:15:00,sensor_lux,0.0
2025-09-06 00:15:00,sensor_ocupacao,0.0
2025-09-06 00:30:00,sensor_temp,18.84
2025-09-06 00:30:00,sensor_lux,0.0
2025-09-06 00:30:00,sensor_ocupacao,1.0
2025-09-06 00:45:00,sensor_temp,20.95
2025-09-06 00:45:00,sensor_lux,0.0
2025-09-06 00:45:00,sensor_ocupacao,0.0
2025-09-06 01:00:00,sensor_temp,19.99
2025-09-06 01:00:00,sensor_lux,0.0
2025-09-06 01:00:00,sensor_ocupacao,0.0
2025-09-06 01:15:00,sensor_temp,19.68
2025-09-06 01:15:00,sensor_lux,0.0
2025-09-06 01:15:00,sensor_ocupacao,0.0
2025-09-06 01:30:00,sensor_temp,21.94
2025-09-06 01:30:00,sensor_lux,0.0
2025-09-06 01:30:00,sensor_ocupacao,0.0
2025-09-06 01:45:00,sensor_temp,18.42
2025-09-06 01:45:00,sensor_lux,0.0
2025-09-06 01:45:00,sensor_ocupacao,0.0
2025-09-06 02:00:00,sensor_temp,18.51
2025-09-06 02:00:00,sensor_lux,0.0
2025-09-06 02:00:00,sensor_ocupacao,0.0
2025-09-06 02:15:00,sensor_temp,20.03
2025-09-06 02:15:00,sensor_lux,0.0
2025-09-06 02:15:00,sensor_ocupacao,0.0
2025-09-06 02:30:00,sensor_temp,19.05
2025-09-06 02:30:00,sensor_lux,0.0
2025-09-06 02:30:00,sensor_ocupacao,0.0
2025-09-06 02:45:00,sensor_temp,21.66
2025-09-06 02:45:00,sensor_lux,0.0
2025-09-06 02:45:00,sensor_ocupacao,0.0
2025-09-06 03:00:00,sensor_temp,19.88
2025-09-06 03:00:00,sensor_lux,0.0
2025-09-06 03:00:00,sensor_ocupacao,0.0
2025-09-06 03:15:00,sensor_temp,20.85
2025-09-06 03:15:00,sensor_lux,0.0
2025-09-06 03:15:00,sensor_ocupacao,0.0
2025-09-06 03:30:00,sensor_temp,19.3
2025-09-06 03:30:00,sensor_lux,0.0
2025-09-06 03:30:00,sensor_ocupacao,0.0
2025-09-06 03:45:00,sensor_temp,20.46
2025-09-06 03:45:00,sensor_lux,0.0
2025-09-06 03:45:00,sensor_ocupacao,0.0
2025-09-06 04:00:00,sensor_temp,20.05
2025-09-06 04:00:00,sensor_lux,0.0
2025-09-06 04:00:00,sensor_ocupacao,0.0
2025-09-06 04:15:00,sensor_temp,19.02
2025-09-06 04:15:00,sensor_lux,0.0
2025-09-06 04:15:00,sensor_ocupacao,0.0
2025-09-06 04:30:00,sensor_temp,20.27
2025-09-06 04:30:00,sensor_lux,0.0
2025-09-06 04:30:00,sensor_ocupacao,0.0
2025-09-06 04:45:00,sensor_temp,20.54
2025-09-06 04:45:00,sensor_lux,0.0
2025-09-06 04:45:00,sensor_ocupacao,0.0
2025-09-06 05:00:00,sensor_temp,21.57
2025-09-06 05:00:00,sensor_lux,0.0
2025-09-06 05:00:00,sensor_ocupacao,0.0
2025-09-06 05:15:00,sensor_temp,22.12
2025-09-06 05:15:00,sensor_lux,0.0
2025-09-06 05:15:00,sensor_ocupacao,1.0
2025-09-06 05:30:00,sensor_temp,21.36
2025-09-06 05:30:00,sensor_lux,0.0
2025-09-06 05:30:00,sensor_ocupacao,0.0
2025-09-06 05:45:00,sensor_temp,18.66
2025-09-06 05:45:00,sensor_lux,0.0
2025-09-06 05:45:00,sensor_ocupacao,0.0
2025-09-06 06:00:00,sensor_temp,22.91
2025-09-06 06:00:00,sensor_lux,329.66
2025-09-06 06:00:00,sensor_ocupacao,0.0
2025-09-06 06:15:00,sensor_temp,22.11
2025-09-06 06:15:00,sensor_lux,355.95
2025-09-06 06:15:00,sensor_ocupacao,0.0
2025-09-06 06:30:00,sensor_temp,23.64
2025-09-06 06:30:00,sensor_lux,350.57
2025-09-06 06:30:00,sensor_ocupacao,0.0
2025-09-06 06:45:00,sensor_temp,24.19
2025-09-06 06:45:00,sensor_lux,293.68
2025-09-06 06:45:00,sensor_ocupacao,0.0
2025-09-06 07:00:00,sensor_temp,24.67
2025-09-06 07:00:00,sensor_lux,260.87
2025-09-06 07:00:00,sensor_ocupacao,0.0
2025-09-06 07:15:00,sensor_temp,24.85
2025-09-06 07:15:00,sensor_lux,314.13
2025-09-06 07:15:00,sensor_ocupacao,0.0
2025-09-06 07:30:00,sensor_temp,20.81
2025-09-06 07:30:00,sensor_lux,378.46
2025-09-06 07:30:00,sensor_ocupacao,0.0
2025-09-06 07:45:00,sensor_temp,23.97
2025-09-06 07:45:00,sensor_lux,191.23
2025-09-06 07:45:00,sensor_ocupacao,0.0
2025-09-06 08:00:00,sensor_temp,22.69
2025-09-06 08:00:00,sensor_lux,267.9
2025-09-06 08:00:00,sensor_ocupacao,0.0
2025-09-06 08:15:00,sensor_temp,22.33
2025-09-06 08:15:00,sensor_lux,300.31
2025-09-06 08:15:00,sensor_ocupacao,0.0
2025-09-06 08:30:00,sensor_temp,25.63
2025-09-06 08:30:00,sensor_lux,269.0
2025-09-06 08:30:00,sensor_ocupacao,1.0
2025-09-06 08:45:00,sensor_temp,21.18
2025-09-06 08:45:00,sensor_lux,245.47
2025-09-06 08:45:00,sensor_ocupacao,0.0
2025-09-06 09:00:00,sensor_temp,21.65
2025-09-06 09:00:00,sensor_lux,178.46
2025-09-06 09:00:00,sensor_ocupacao,0.0
2025-09-06 09:15:00,sensor_temp,21.49
2025-09-06 09:15:00,sensor_lux,299.9
2025-09-06 09:15:00,sensor_ocupacao,0.0
2025-09-06 09:30:00,sensor_temp,21.76
2025-09-06 09:30:00,sensor_lux,328.02
2025-09-06 09:30:00,sensor_ocupacao,1.0
2025-09-06 09:45:00,sensor_temp,24.75
2025-09-06 09:45:00,sensor_lux,300.64
2025-09-06 09:45:00,sensor_ocupacao,0.0
2025-09-06 10:00:00,sensor_temp,24.09
2025-09-06 10:00:00,sensor_lux,312.55
2025-09-06 10:00:00,sensor_ocupacao,0.0
2025-09-06 10:15:00,sensor_temp,23.09
2025-09-06 10:15:00,sensor_lux,228.95
2025-09-06 10:15:00,sensor_ocupacao,0.0
2025-09-06 10:30:00,sensor_temp,26.52
2025-09-06 10:30:00,sensor_lux,324.45
2025-09-06 10:30:00,sensor_ocupacao,0.0
2025-09-06 10:45:00,sensor_temp,22.85
2025-09-06 10:45:00,sensor_lux,257.76
2025-09-06 10:45:00,sensor_ocupacao,0.0
2025-09-06 11:00:00,sensor_temp,23.5
2025-09-06 11:00:00,sensor_lux,326.53
2025-09-06 11:00:00,sensor_ocupacao,1.0
2025-09-06 11:15:00,sensor_temp,23.86
2025-09-06 11:15:00,sensor_lux,370.5
2025-09-06 11:15:00,sensor_ocupacao,0.0
2025-09-06 11:30:00,sensor_temp,20.99
2025-09-06 11:30:00,sensor_lux,297.5
2025-09-06 11:30:00,sensor_ocupacao,1.0
2025-09-06 11:45:00,sensor_temp,21.84
2025-09-06 11:45:00,sensor_lux,300.29
2025-09-06 11:45:00,sensor_ocupacao,0.0
2025-09-06 12:00:00,sensor_temp,25.37
2025-09-06 12:00:00,sensor_lux,331.67
2025-09-06 12:00:00,sensor_ocupacao,0.0
2025-09-06 12:15:00,sensor_temp,22.51
2025-09-06 12:15:00,sensor_lux,346.0
2025-09-06 12:15:00,sensor_ocupacao,0.0
2025-09-06 12:30:00,sensor_temp,19.96
2025-09-06 12:30:00,sensor_lux,323.03
2025-09-06 12:30:00,sensor_ocupacao,0.0
2025-09-06 12:45:00,sensor_temp,24.23
2025-09-06 12:45:00,sensor_lux,345.87
2025-09-06 12:45:00,sensor_ocupacao,0.0
2025-09-06 13:00:00,sensor_temp,23.29
2025-09-06 13:00:00,sensor_lux,256.16
2025-09-06 13:00:00,sensor_ocupacao,0.0
2025-09-06 13:15:00,sensor_temp,24.55
2025-09-06 13:15:00,sensor_lux,371.86
2025-09-06 13:15:00,sensor_ocupacao,0.0
2025-09-06 13:30:00,sensor_temp,22.86
2025-09-06 13:30:00,sensor_lux,274.32
2025-09-06 13:30:00,sensor_ocupacao,0.0
2025-09-06 13:45:00,sensor_temp,24.42
2025-09-06 13:45:00,sensor_lux,398.49
2025-09-06 13:45:00,sensor_ocupacao,0.0
2025-09-06 14:00:00,sensor_temp,24.57
2025-09-06 14:00:00,sensor_lux,255.2
2025-09-06 14:00:00,sensor_ocupacao,0.0
2025-09-06 14:15:00,sensor_temp,24.14
2025-09-06 14:15:00,sensor_lux,343.93
2025-09-06 14:15:00,sensor_ocupacao,1.0
2025-09-06 14:30:00,sensor_temp,24.66
2025-09-06 14:30:00,sensor_lux,223.34
2025-09-06 14:30:00,sensor_ocupacao,0.0
2025-09-06 14:45:00,sensor_temp,23.18
2025-09-06 14:45:00,sensor_lux,310.58
2025-09-06 14:45:00,sensor_ocupacao,0.0
2025-09-06 15:00:00,sensor_temp,22.43
2025-09-06 15:00:00,sensor_lux,381.1
2025-09-06 15:00:00,sensor_ocupacao,0.0
2025-09-06 15:15:00,sensor_temp,22.72
2025-09-06 15:15:00,sensor_lux,221.22
2025-09-06 15:15:00,sensor_ocupacao,1.0
2025-09-06 15:30:00,sensor_temp,22.97
2025-09-06 15:30:00,sensor_lux,315.26
2025-09-06 15:30:00,sensor_ocupacao,0.0
2025-09-06 15:45:00,sensor_temp,24.45
2025-09-06 15:45:00,sensor_lux,323.7
2025-09-06 15:45:00,sensor_ocupacao,1.0
2025-09-06 16:00:00,sensor_temp,21.39
2025-09-06 16:00:00,sensor_lux,318.64
2025-09-06 16:00:00,sensor_ocupacao,0.0
2025-09-06 16:15:00,sensor_temp,24.2
2025-09-06 16:15:00,sensor_lux,338.91
2025-09-06 16:15:00,sensor_ocupacao,0.0
2025-09-06 16:30:00,sensor_temp,23.9
2025-09-06 16:30:00,sensor_lux,248.45
2025-09-06 16:30:00,sensor_ocupacao,0.0
2025-09-06 16:45:00,sensor_temp,22.96
2025-09-06 16:45:00,sensor_lux,284.69
2025-09-06 16:45:00,sensor_ocupacao,0.0
2025-09-06 17:00:00,sensor_temp,22.6
2025-09-06 17:00:00,sensor_lux,339.79
2025-09-06 17:00:00,sensor_ocupacao,0.0
2025-09-06 17:15:00,sensor_temp,21.85
2025-09-06 17:15:00,sensor_lux,243.81
2025-09-06 17:15:00,sensor_ocupacao,0.0
2025-09-06 17:30:00,sensor_temp,21.38
2025-09-06 17:30:00,sensor_lux,283.54
2025-09-06 17:30:00,sensor_ocupacao,1.0
2025-09-06 17:45:00,sensor_temp,23.16
2025-09-06 17:45:00,sensor_lux,321.34
2025-09-06 17:45:00,sensor_ocupacao,0.0
2025-09-06 18:00:00,sensor_temp,22.33
2025-09-06 18:00:00,sensor_lux,262.23
2025-09-06 18:00:00,sensor_ocupacao,0.0
2025-09-06 18:15:00,sensor_temp,24.88
2025-09-06 18:15:00,sensor_lux,277.08
2025-09-06 18:15:00,sensor_ocupacao,0.0
2025-09-06 18:30:00,sensor_temp,23.81
2025-09-06 18:30:00,sensor_lux,394.17
2025-09-06 18:30:00,sensor_ocupacao,1.0
2025-09-06 18:45:00,sensor_temp,24.02
2025-09-06 18:45:00,sensor_lux,309.58
2025-09-06 18:45:00,sensor_ocupacao,0.0
2025-09-06 19:00:00,sensor_temp,20.18
2025-09-06 19:00:00,sensor_lux,0.0
2025-09-06 19:00:00,sensor_ocupacao,0.0
2025-09-06 19:15:00,sensor_temp,19.27
2025-09-06 19:15:00,sensor_lux,0.0
2025-09-06 19:15:00,sensor_ocupacao,0.0
2025-09-06 19:30:00,sensor_temp,20.48
2025-09-06 19:30:00,sensor_lux,0.0
2025-09-06 19:30:00,sensor_ocupacao,1.0
2025-09-06 19:45:00,sensor_temp,16.91
2025-09-06 19:45:00,sensor_lux,0.0
2025-09-06 19:45:00,sensor_ocupacao,1.0
2025-09-06 20:00:00,sensor_temp,18.9
2025-09-06 20:00:00,sensor_lux,0.0
2025-09-06 20:00:00,sensor_ocupacao,0.0
2025-09-06 20:15:00,sensor_temp,21.56
2025-09-06 20:15:00,sensor_lux,0.0
2025-09-06 20:15:00,sensor_ocupacao,1.0
2025-09-06 20:30:00,sensor_temp,18.84
2025-09-06 20:30:00,sensor_lux,0.0
2025-09-06 20:30:00,sensor_ocupacao,0.0
2025-09-06 20:45:00,sensor_temp,19.98
2025-09-06 20:45:00,sensor_lux,0.0
2025-09-06 20:45:00,sensor_ocupacao,0.0
2025-09-06 21:00:00,sensor_temp,19.55
2025-09-06 21:00:00,sensor_lux,0.0
2025-09-06 21:00:00,sensor_ocupacao,0.0
2025-09-06 21:15:00,sensor_temp,20.55
2025-09-06 21:15:00,sensor_lux,0.0
2025-09-06 21:15:00,sensor_ocupacao,0.0
2025-09-06 21:30:00,sensor_temp,20.71
2025-09-06 21:30:00,sensor_lux,0.0
2025-09-06 21:30:00,sensor_ocupacao,0.0
2025-09-06 21:45:00,sensor_temp,20.23
2025-09-06 21:45:00,sensor_lux,0.0
2025-09-06 21:45:00,sensor_ocupacao,0.0
2025-09-06 22:00:00,sensor_temp,21.12
2025-09-06 22:00:00,sensor_lux,0.0
2025-09-06 22:00:00,sensor_ocupacao,0.0
2025-09-06 22:15:00,sensor_temp,20.35
2025-09-06 22:15:00,sensor_lux,0.0
2025-09-06 22:15:00,sensor_ocupacao,0.0
2025-09-06 22:30:00,sensor_temp,19.84
2025-09-06 22:30:00,sensor_lux,0.0
2025-09-06 22:30:00,sensor_ocupacao,0.0
2025-09-06 22:45:00,sensor_temp,20.14
2025-09-06 22:45:00,sensor_lux,0.0
2025-09-06 22:45:00,sensor_ocupacao,0.0
2025-09-06 23:00:00,sensor_temp,20.84
2025-09-06 23:00:00,sensor_lux,0.0
2025-09-06 23:00:00,sensor_ocupacao,1.0
2025-09-06 23:15:00,sensor_temp,18.34
2025-09-06 23:15:00,sensor_lux,0.0
2025-09-06 23:15:00,sensor_ocupacao,1.0
2025-09-06 23:30:00,sensor_temp,18.77
2025-09-06 23:30:00,sensor_lux,0.0
2025-09-06 23:30:00,sensor_ocupacao,0.0
2025-09-06 23:45:00,sensor_temp,19.44
2025-09-06 23:45:00,sensor_lux,0.0
2025-09-06 23:45:00,sensor_ocupacao,0.0
2025-09-07 00:00:00,sensor_temp,18.73
2025-09-07 00:00:00,sensor_lux,0.0
2025-09-07 00:00:00,sensor_ocupacao,0.0
2025-09-07 00:15:00,sensor_temp,21.84
2025-09-07 00:15:00,sensor_lux,0.0
2025-09-07 00:15:00,sensor_ocupacao,0.0
2025-09-07 00:30:00,sensor_temp,21.03
2025-09-07 00:30:00,sensor_lux,0.0
2025-09-07 00:30:00,sensor_ocupacao,0.0
2025-09-07 00:45:00,sensor_temp,20.09
2025-09-07 00:45:00,sensor_lux,0.0
2025-09-07 00:45:00,sensor_ocupacao,0.0
2025-09-07 01:00:00,sensor_temp,19.61
2025-09-07 01:00:00,sensor_lux,0.0
2025-09-07 01:00:00,sensor_ocupacao,0.0
2025-09-07 01:15:00,sensor_temp,18.88
2025-09-07 01:15:00,sensor_lux,0.0
2025-09-07 01:15:00,sensor_ocupacao,0.0
2025-09-07 01:30:00,sensor_temp,19.24
2025-09-07 01:30:00,sensor_lux,0.0
2025-09-07 01:30:00,sensor_ocupacao,0.0
2025-09-07 01:45:00,sensor_temp,20.67
2025-09-07 01:45:00,sensor_lux,0.0
2025-09-07 01:45:00,sensor_ocupacao,1.0
2025-09-07 02:00:00,sensor_temp,20.4
2025-09-07 02:00:00,sensor_lux,0.0
2025-09-07 02:00:00,sensor_ocupacao,0.0
2025-09-07 02:15:00,sensor_temp,19.99
2025-09-07 02:15:00,sensor_lux,0.0
2025-09-07 02:15:00,sensor_ocupacao,0.0
2025-09-07 02:30:00,sensor_temp,21.12
2025-09-07 02:30:00,sensor_lux,0.0
2025-09-07 02:30:00,sensor_ocupacao,0.0
2025-09-07 02:45:00,sensor_temp,20.04
2025-09-07 02:45:00,sensor_lux,0.0
2025-09-07 02:45:00,sensor_ocupacao,0.0
2025-09-07 03:00:00,sensor_temp,18.63
2025-09-07 03:00:00,sensor_lux,0.0
2025-09-07 03:00:00,sensor_ocupacao,0.0
2025-09-07 03:15:00,sensor_temp,19.2
2025-09-07 03:15:00,sensor_lux,0.0
2025-09-07 03:15:00,sensor_ocupacao,1.0
2025-09-07 03:30:00,sensor_temp,21.09
2025-09-07 03:30:00,sensor_lux,0.0
2025-09-07 03:30:00,sensor_ocupacao,1.0
2025-09-07 03:45:00,sensor_temp,20.62
2025-09-07 03:45:00,sensor_lux,0.0
2025-09-07 03:45:00,sensor_ocupacao,0.0
2025-09-07 04:00:00,sensor_temp,19.83
2025-09-07 04:00:00,sensor_lux,0.0
2025-09-07 04:00:00,sensor_ocupacao,0.0
2025-09-07 04:15:00,sensor_temp,18.99
2025-09-07 04:15:00,sensor_lux,0.0
2025-09-07 04:15:00,sensor_ocupacao,0.0
2025-09-07 04:30:00,sensor_temp,19.85
2025-09-07 04:30:00,sensor_lux,0.0
2025-09-07 04:30:00,sensor_ocupacao,0.0
2025-09-07 04:45:00,sensor_temp,21.66
2025-09-07 04:45:00,sensor_lux,0.0
2025-09-07 04:45:00,sensor_ocupacao,0.0
2025-09-07 05:00:00,sensor_temp,20.14
2025-09-07 05:00:00,sensor_lux,0.0
2025-09-07 05:00:00,sensor_ocupacao,1.0
2025-09-07 05:15:00,sensor_temp,20.84
2025-09-07 05:15:00,sensor_lux,0.0
2025-09-07 05:15:00,sensor_ocupacao,0.0
2025-09-07 05:30:00,sensor_temp,21.24
2025-09-07 05:30:00,sensor_lux,0.0
2025-09-07 05:30:00,sensor_ocupacao,0.0
2025-09-07 05:45:00,sensor_temp,19.87
2025-09-07 05:45:00,sensor_lux,0.0
2025-09-07 05:45:00,sensor_ocupacao,0.0
2025-09-07 06:00:00,sensor_temp,22.28
2025-09-07 06:00:00,sensor_lux,286.26
2025-09-07 06:00:00,sensor_ocupacao,0.0
2025-09-07 06:15:00,sensor_temp,21.14
2025-09-07 06:15:00,sensor_lux,270.52
2025-09-07 06:15:00,sensor_ocupacao,0.0
2025-09-07 06:30:00,sensor_temp,20.8
2025-09-07 06:30:00,sensor_lux,333.16
2025-09-07 06:30:00,sensor_ocupacao,0.0
2025-09-07 06:45:00,sensor_temp,23.84
2025-09-07 06:45:00,sensor_lux,274.21
2025-09-07 06:45:00,sensor_ocupacao,0.0
2025-09-07 07:00:00,sensor_temp,22.21
2025-09-07 07:00:00,sensor_lux,312.95
2025-09-07 07:00:00,sensor_ocupacao,0.0
2025-09-07 07:15:00,sensor_temp,22.61
2025-09-07 07:15:00,sensor_lux,240.69
2025-09-07 07:15:00,sensor_ocupacao,0.0
2025-09-07 07:30:00,sensor_temp,21.91
2025-09-07 07:30:00,sensor_lux,326.77
2025-09-07 07:30:00,sensor_ocupacao,0.0
2025-09-07 07:45:00,sensor_temp,21.82
2025-09-07 07:45:00,sensor_lux,308.87
2025-09-07 07:45:00,sensor_ocupacao,0.0
2025-09-07 08:00:00,sensor_temp,26.23
2025-09-07 08:00:00,sensor_lux,312.73
2025-09-07 08:00:00,sensor_ocupacao,0.0
2025-09-07 08:15:00,sensor_temp,23.26
2025-09-07 08:15:00,sensor_lux,387.81
2025-09-07 08:15:00,sensor_ocupacao,0.0
2025-09-07 08:30:00,sensor_temp,25.03
2025-09-07 08:30:00,sensor_lux,305.17
2025-09-07 08:30:00,sensor_ocupacao,0.0
2025-09-07 08:45:00,sensor_temp,22.8
2025-09-07 08:45:00,sensor_lux,257.88
2025-09-07 08:45:00,sensor_ocupacao,0.0
2025-09-07 09:00:00,sensor_temp,25.41
2025-09-07 09:00:00,sensor_lux,289.74
2025-09-07 09:00:00,sensor_ocupacao,0.0
2025-09-07 09:15:00,sensor_temp,20.87
2025-09-07 09:15:00,sensor_lux,357.18
2025-09-07 09:15:00,sensor_ocupacao,0.0
2025-09-07 09:30:00,sensor_temp,23.0
2025-09-07 09:30:00,sensor_lux,288.28
2025-09-07 09:30:00,sensor_ocupacao,1.0
2025-09-07 09:45:00,sensor_temp,26.23
2025-09-07 09:45:00,sensor_lux,328.95
2025-09-07 09:45:00,sensor_ocupacao,0.0
2025-09-07 10:00:00,sensor_temp,21.85
2025-09-07 10:00:00,sensor_lux,224.58
2025-09-07 10:00:00,sensor_ocupacao,0.0
2025-09-07 10:15:00,sensor_temp,24.69
2025-09-07 10:15:00,sensor_lux,324.37
2025-09-07 10:15:00,sensor_ocupacao,0.0
2025-09-07 10:30:00,sensor_temp,24.75
2025-09-07 10:30:00,sensor_lux,273.12
2025-09-07 10:30:00,sensor_ocupacao,0.0
2025-09-07 10:45:00,sensor_temp,22.05
2025-09-07 10:45:00,sensor_lux,287.28
2025-09-07 10:45:00,sensor_ocupacao,0.0
2025-09-07 11:00:00,sensor_temp,23.87
2025-09-07 11:00:00,sensor_lux,335.04
2025-09-07 11:00:00,sensor_ocupacao,0.0
2025-09-07 11:15:00,sensor_temp,25.6
2025-09-07 11:15:00,sensor_lux,310.47
2025-09-07 11:15:00,sensor_ocupacao,0.0
2025-09-07 11:30:00,sensor_temp,22.32
2025-09-07 11:30:00,sensor_lux,248.7
2025-09-07 11:30:00,sensor_ocupacao,0.0
2025-09-07 11:45:00,sensor_temp,23.61
2025-09-07 11:45:00,sensor_lux,386.73
2025-09-07 11:45:00,sensor_ocupacao,0.0
2025-09-07 12:00:00,sensor_temp,23.28
2025-09-07 12:00:00,sensor_lux,245.37
2025-09-07 12:00:00,sensor_ocupacao,0.0
2025-09-07 12:15:00,sensor_temp,22.2
2025-09-07 12:15:00,sensor_lux,297.56
2025-09-07 12:15:00,sensor_ocupacao,1.0
2025-09-07 12:30:00,sensor_temp,22.82
2025-09-07 12:30:00,sensor_lux,231.19
2025-09-07 12:30:00,sensor_ocupacao,0.0
2025-09-07 12:45:00,sensor_temp,18.96
2025-09-07 12:45:00,sensor_lux,270.01
2025-09-07 12:45:00,sensor_ocupacao,0.0
2025-09-07 13:00:00,sensor_temp,24.59
2025-09-07 13:00:00,sensor_lux,255.84
2025-09-07 13:00:00,sensor_ocupacao,0.0
2025-09-07 13:15:00,sensor_temp,23.9
2025-09-07 13:15:00,sensor_lux,335.11
2025-09-07 13:15:00,sensor_ocupacao,0.0
2025-09-07 13:30:00,sensor_temp,22.22
2025-09-07 13:30:00,sensor_lux,274.77
2025-09-07 13:30:00,sensor_ocupacao,0.0
2025-09-07 13:45:00,sensor_temp,23.53
2025-09-07 13:45:00,sensor_lux,232.4
2025-09-07 13:45:00,sensor_ocupacao,0.0
2025-09-07 14:00:00,sensor_temp,22.2
2025-09-07 14:00:00,sensor_lux,290.04
2025-09-07 14:00:00,sensor_ocupacao,0.0
2025-09-07 14:15:00,sensor_temp,20.25
2025-09-07 14:15:00,sensor_lux,281.43
2025-09-07 14:15:00,sensor_ocupacao,0.0
2025-09-07 14:30:00,sensor_temp,24.73
2025-09-07 14:30:00,sensor_lux,214.22
2025-09-07 14:30:00,sensor_ocupacao,1.0
2025-09-07 14:45:00,sensor_temp,20.97
2025-09-07 14:45:00,sensor_lux,267.22
2025-09-07 14:45:00,sensor_ocupacao,0.0
2025-09-07 15:00:00,sensor_temp,24.78
2025-09-07 15:00:00,sensor_lux,350.56
2025-09-07 15:00:00,sensor_ocupacao,0.0
2025-09-07 15:15:00,sensor_temp,21.59
2025-09-07 15:15:00,sensor_lux,365.26
2025-09-07 15:15:00,sensor_ocupacao,0.0
2025-09-07 15:30:00,sensor_temp,22.14
2025-09-07 15:30:00,sensor_lux,214.82
2025-09-07 15:30:00,sensor_ocupacao,0.0
2025-09-07 15:45:00,sensor_temp,24.16
2025-09-07 15:45:00,sensor_lux,241.58
2025-09-07 15:45:00,sensor_ocupacao,0.0
2025-09-07 16:00:00,sensor_temp,23.54
2025-09-07 16:00:00,sensor_lux,298.5
2025-09-07 16:00:00,sensor_ocupacao,0.0
2025-09-07 16:15:00,sensor_temp,24.42
2025-09-07 16:15:00,sensor_lux,304.53
2025-09-07 16:15:00,sensor_ocupacao,0.0
2025-09-07 16:30:00,sensor_temp,23.34
2025-09-07 16:30:00,sensor_lux,377.45
2025-09-07 16:30:00,sensor_ocupacao,0.0
2025-09-07 16:45:00,sensor_temp,22.86
2025-09-07 16:45:00,sensor_lux,295.41
2025-09-07 16:45:00,sensor_ocupacao,0.0
2025-09-07 17:00:00,sensor_temp,22.33
2025-09-07 17:00:00,sensor_lux,272.22
2025-09-07 17:00:00,sensor_ocupacao,0.0
2025-09-07 17:15:00,sensor_temp,23.63
2025-09-07 17:15:00,sensor_lux,341.27
2025-09-07 17:15:00,sensor_ocupacao,0.0
2025-09-07 17:30:00,sensor_temp,22.12
2025-09-07 17:30:00,sensor_lux,279.34
2025-09-07 17:30:00,sensor_ocupacao,0.0
2025-09-07 17:45:00,sensor_temp,23.53
2025-09-07 17:45:00,sensor_lux,250.72
2025-09-07 17:45:00,sensor_ocupacao,0.0
2025-09-07 18:00:00,sensor_temp,20.75
2025-09-07 18:00:00,sensor_lux,359.24
2025-09-07 18:00:00,sensor_ocupacao,0.0
2025-09-07 18:15:00,sensor_temp,21.77
2025-09-07 18:15:00,sensor_lux,315.84
2025-09-07 18:15:00,sensor_ocupacao,0.0
2025-09-07 18:30:00,sensor_temp,22.39
2025-09-07 18:30:00,sensor_lux,283.97
2025-09-07 18:30:00,sensor_ocupacao,1.0
2025-09-07 18:45:00,sensor_temp,20.57
2025-09-07 18:45:00,sensor_lux,261.28
2025-09-07 18:45:00,sensor_ocupacao,1.0
2025-09-07 19:00:00,sensor_temp,20.01
2025-09-07 19:00:00,sensor_lux,0.0
2025-09-07 19:00:00,sensor_ocupacao,0.0
2025-09-07 19:15:00,sensor_temp,19.83
2025-09-07 19:15:00,sensor_lux,0.0
2025-09-07 19:15:00,sensor_ocupacao,0.0
2025-09-07 19:30:00,sensor_temp,19.36
2025-09-07 19:30:00,sensor_lux,0.0
2025-09-07 19:30:00,sensor_ocupacao,0.0
2025-09-07 19:45:00,sensor_temp,19.43
2025-09-07 19:45:00,sensor_lux,0.0
2025-09-07 19:45:00,sensor_ocupacao,0.0
2025-09-07 20:00:00,sensor_temp,20.68
2025-09-07 20:00:00,sensor_lux,0.0
2025-09-07 20:00:00,sensor_ocupacao,0.0
2025-09-07 20:15:00,sensor_temp,21.28
2025-09-07 20:15:00,sensor_lux,0.0
2025-09-07 20:15:00,sensor_ocupacao,0.0
2025-09-07 20:30:00,sensor_temp,19.67
2025-09-07 20:30:00,sensor_lux,0.0
2025-09-07 20:30:00,sensor_ocupacao,0.0
2025-09-07 20:45:00,sensor_temp,19.5
2025-09-07 20:45:00,sensor_lux,0.0
2025-09-07 20:45:00,sensor_ocupacao,0.0
2025-09-07 21:00:00,sensor_temp,19.59
2025-09-07 21:00:00,sensor_lux,0.0
2025-09-07 21:00:00,sensor_ocupacao,0.0
2025-09-07 21:15:00,sensor_temp,20.18
2025-09-07 21:15:00,sensor_lux,0.0
2025-09-07 21:15:00,sensor_ocupacao,1.0
2025-09-07 21:30:00,sensor_temp,18.86
2025-09-07 21:30:00,sensor_lux,0.0
2025-09-07 21:30:00,sensor_ocupacao,0.0
2025-09-07 21:45:00,sensor_temp,20.97
2025-09-07 21:45:00,sensor_lux,0.0
2025-09-07 21:45:00,sensor_ocupacao,0.0
2025-09-07 22:00:00,sensor_temp,19.91
2025-09-07 22:00:00,sensor_lux,0.0
2025-09-07 22:00:00,sensor_ocupacao,0.0
2025-09-07 22:15:00,sensor_temp,20.6
2025-09-07 22:15:00,sensor_lux,0.0
2025-09-07 22:15:00,sensor_ocupacao,0.0
2025-09-07 22:30:00,sensor_temp,18.19
2025-09-07 22:30:00,sensor_lux,0.0
2025-09-07 22:30:00,sensor_ocupacao,0.0
2025-09-07 22:45:00,sensor_temp,20.87
2025-09-07 22:45:00,sensor_lux,0.0
2025-09-07 22:45:00,sensor_ocupacao,0.0
2025-09-07 23:00:00,sensor_temp,20.07
2025-09-07 23:00:00,sensor_lux,0.0
2025-09-07 23:00:00,sensor_ocupacao,0.0
2025-09-07 23:15:00,sensor_temp,17.96
2025-09-07 23:15:00,sensor_lux,0.0
2025-09-07 23:15:00,sensor_ocupacao,0.0
2025-09-07 23:30:00,sensor_temp,19.66
2025-09-07 23:30:00,sensor_lux,0.0
2025-09-07 23:30:00,sensor_ocupacao,0.0
2025-09-07 23:45:00,sensor_temp,21.32
2025-09-07 23:45:00,sensor_lux,0.0
2025-09-07 23:45:00,sensor_ocupacao,1.0
2025-09-08 00:00:00,sensor_temp,20.64
2025-09-08 00:00:00,sensor_lux,0.0
2025-09-08 00:00:00,sensor_ocupacao,0.0
